TAZ,Saudi Male,Saudi Female,Total_Saudi,Non-Saudi Male,Non-Saudi Female,Total_Non_Saudi,Total Pop
1,,,,,,,
2,5956,6943,12899,1943,2738,4681,17580
3,4339,4385,8724,2425,1189,3614,12338
4,1696,1160,2856,2427,106,2533,5389
5,1710,1553,3263,620,914,1534,4797
6,2063,1840,3903,1551,850,2401,6304
7,33,29,62,77,43,120,182
8,1099,984,2083,183,115,298,2381
9,2857,2264,5121,619,619,1238,6359
10,2562,2201,4763,1653,992,2645,7408
11,0,0,0,0,0,0,0
12,844,545,1389,195,182,377,1766
13,1636,1055,2691,1302,1213,2515,5206
14,3507,3369,6876,4289,5217,9506,16382
15,853,550,1403,157,146,303,1706
16,438,283,721,371,345,716,1437
17,1180,1082,2262,736,646,1382,3644
18,470,432,902,306,268,574,1476
19,593,544,1137,220,193,413,1550
20,354,325,679,82,72,154,833
21,177,147,324,214,193,407,731
22,764,683,1447,599,763,1362,2809
23,35,32,67,19,24,43,110
24,864,772,1636,707,899,1606,3242
25,242,216,458,134,171,305,763
26,0,0,0,0,0,0,0
27,10205,7227,17432,12635,8076,20711,38143
28,896,634,1530,603,385,988,2518
29,3267,2580,5847,11815,7955,19770,25617
30,1581,1248,2829,4445,2993,7438,10267
31,511,542,1053,827,560,1387,2440
32,896,804,1700,543,485,1028,2728
33,453,407,860,285,254,539,1399
34,371,393,764,204,138,342,1106
35,356,320,676,241,215,456,1132
36,913,967,1880,851,575,1426,3306
37,558,502,1060,404,361,765,1825
38,1180,1250,2430,1137,769,1906,4336
39,2,7,9,60,31,91,100
40,5,15,20,184,96,280,300
41,3,8,11,81,42,123,134
42,588,492,1080,1007,672,1679,2759
43,374,313,687,1445,963,2408,3095
44,7985,7230,15215,92,831,923,16138
45,5478,6003,11481,1070,714,1784,13265
46,1111,1239,2350,3538,2727,6265,8615
47,1585,1282,2867,991,1165,2156,5023
48,56,45,101,46,54,100,201
49,2805,2662,5467,1324,1853,3177,8644
50,195,97,292,3,2,5,297
51,109,89,198,2,1,3,201
52,603,436,1039,9,11,20,1059
53,2557,2196,4753,558,1030,1588,6341
54,1353,1064,2417,827,680,1507,3924
55,2088,1611,3699,1676,609,2285,5984
56,1445,853,2298,982,642,1624,3922
57,2616,0,2616,0,0,0,2616
58,859,669,1528,633,442,1075,2603
59,423,330,753,468,327,795,1548
60,1,1,2,2,1,3,5
61,121,95,216,134,94,228,444
62,593,461,1054,401,280,681,1735
63,1040,809,1849,655,458,1113,2962
64,4992,4024,9016,3420,3330,6750,15766
65,4392,3541,7933,2549,2481,5030,12963
66,741,718,1459,1223,643,1866,3325
67,815,791,1606,809,425,1234,2840
68,0,0,0,0,0,0,0
69,581,564,1145,598,314,912,2057
70,2,2,4,11,6,17,21
71,367,356,723,376,197,573,1296
72,977,773,1750,916,1106,2022,3772
73,834,612,1446,641,653,1294,2740
74,323,237,560,221,226,447,1007
75,0,0,0,0,0,0,0
76,860,631,1491,1276,1300,2576,4067
77,381,279,660,365,371,736,1396
78,426,313,739,383,391,774,1513
79,622,602,1224,526,763,1289,2513
80,3422,3055,6477,1915,3531,5446,11923
81,3085,2805,5890,905,1810,2715,8605
82,3522,3117,6639,2514,1824,4338,10977
83,2355,1767,4122,1295,1578,2873,6995
84,2430,1823,4253,997,1216,2213,6466
85,3210,2742,5952,1307,1777,3084,9036
86,148,141,289,555,476,1031,1320
87,968,925,1893,2688,2307,4995,6888
88,402,385,787,653,561,1214,2001
89,309,248,557,540,396,936,1493
90,467,374,841,947,696,1643,2484
91,114,92,206,356,261,617,823
92,310,248,558,345,253,598,1156
93,672,539,1211,1003,736,1739,2950
94,330,264,594,813,596,1409,2003
95,526,421,947,1024,751,1775,2722
96,450,360,810,891,654,1545,2355
97,7,5,12,25,18,43,55
98,318,303,621,1274,1093,2367,2988
99,25,24,49,107,91,198,247
100,314,301,615,1179,1012,2191,2806
101,681,651,1332,1443,1238,2681,4013
102,1011,966,1977,2297,1971,4268,6245
103,571,546,1117,955,820,1775,2892
104,216,174,390,293,215,508,898
105,202,162,364,317,232,549,913
106,443,356,799,1009,740,1749,2548
107,395,317,712,676,496,1172,1884
108,501,534,1035,1499,1401,2900,3935
109,747,794,1541,1653,1545,3198,4739
110,1236,1200,2436,427,881,1308,3744
111,2,1,3,7,5,12,15
112,1563,1253,2816,5533,4061,9594,12410
113,8,7,15,34,25,59,74
114,429,344,773,1581,1161,2742,3515
115,3,3,6,42,14,56,62
116,19,19,38,347,116,463,501
117,1,0,1,3,2,5,6
118,529,448,977,61,53,114,1091
119,1646,1397,3043,238,208,446,3489
120,779,661,1440,311,273,584,2024
121,7506,6368,13874,3573,3127,6700,20574
122,645,556,1201,431,331,762,1963
123,2825,2432,5257,2348,1800,4148,9405
124,2050,1764,3814,1203,923,2126,5940
125,1604,1422,3026,202,213,415,3441
126,1063,943,2006,226,240,466,2472
127,2110,799,2909,0,293,293,3202
128,12925,10109,23034,5529,1974,7503,30537
129,24,0,24,803,9,812,836
130,6734,5443,12177,2888,2402,5290,17467
131,220,177,397,215,178,393,790
132,4760,3848,8608,2943,2447,5390,13998
133,5923,4768,10691,1172,1817,2989,13680
134,3844,3094,6938,782,1211,1993,8931
135,4293,3761,8054,3024,3111,6135,14189
136,5578,4886,10464,4526,4655,9181,19645
137,13057,11439,24496,7153,7357,14510,39006
138,5604,4910,10514,4284,4406,8690,19204
139,5483,5364,10847,855,1612,2467,13314
140,3958,3872,7830,948,1787,2735,10565
141,6459,6178,12637,2351,2075,4426,17063
142,4615,4413,9028,2228,1965,4193,13221
143,3599,3443,7042,1915,1689,3604,10646
144,5860,5566,11426,2356,2074,4430,15856
145,2213,2101,4314,1043,918,1961,6275
146,3951,3753,7704,1709,1505,3214,10918
147,4681,4445,9126,1775,1563,3338,12464
148,0,0,0,1327,0,1327,1327
149,12684,10053,22737,3279,1639,4918,27655
150,7,7,14,7,5,12,26
151,0,0,0,0,0,0,0
152,12569,12229,24798,124,249,373,25171
153,1116,1003,2119,395,226,621,2740
154,2157,1939,4096,236,135,371,4467
155,8604,7737,16341,883,506,1389,17730
156,15845,15148,30993,868,1015,1883,32876
157,11712,11196,22908,2957,3461,6418,29326
158,678,653,1331,69,44,113,1444
159,3341,3462,6803,1141,1141,2282,9085
160,6432,8072,14504,7221,2280,9501,24005
161,0,0,0,0,0,0,0
162,2079,1907,3986,776,716,1492,5478
163,16145,15807,31952,10778,3003,13781,45733
164,3141,2879,6020,843,778,1621,7641
165,9908,8471,18379,1558,1909,3467,21846
166,5908,5051,10959,1075,1317,2392,13351
167,894,697,1591,152,76,228,1819
168,2586,2212,4798,864,1058,1922,6720
169,4999,4556,9555,1697,2595,4292,13847
170,10643,8442,19085,0,440,440,19525
171,3681,2870,6551,270,135,405,6956
172,1531,1279,2810,434,767,1201,4011
173,671,561,1232,545,963,1508,2740
174,330,330,660,874,544,1418,2078
175,376,376,752,1550,966,2516,3268
176,955,686,1641,2241,2274,4515,6156
177,115,115,230,529,330,859,1089
178,95,95,190,327,203,530,720
179,127,134,261,232,162,394,655
180,244,255,499,627,439,1066,1565
181,593,621,1214,1320,924,2244,3458
182,139,146,285,308,216,524,809
183,81,61,142,581,406,987,1129
184,0,0,0,7,5,12,12
185,22,17,39,445,310,755,794
186,10,7,17,132,92,224,241
187,668,668,1336,1228,1412,2640,3976
188,66,66,132,119,137,256,388
189,770,770,1540,305,351,656,2196
190,168,168,336,194,223,417,753
191,785,706,1491,1104,1020,2124,3615
192,701,701,1402,571,656,1227,2629
193,73,73,146,155,179,334,480
194,729,655,1384,400,370,770,2154
195,322,404,726,663,209,872,1598
196,91,63,154,1652,1258,2910,3064
197,185,129,314,1625,1237,2862,3176
198,92,64,156,1516,1154,2670,2826
199,204,142,346,3116,2373,5489,5835
200,177,205,382,3360,1050,4410,4792
201,232,268,500,4575,1429,6004,6504
202,220,254,474,4292,1340,5632,6106
203,280,324,604,5630,1758,7388,7992
204,405,468,873,7868,2458,10326,11199
205,658,585,1243,3142,1391,4533,5776
206,219,195,414,1118,495,1613,2027
207,518,460,978,2512,1112,3624,4602
208,1308,1163,2471,6428,2846,9274,11745
209,313,278,591,1515,671,2186,2777
210,737,663,1400,337,312,649,2049
211,300,269,569,103,96,199,768
212,1290,1213,2503,1370,824,2194,4697
213,610,572,1182,739,377,1116,2298
214,81,59,140,125,115,240,380
215,31,34,65,140,83,223,288
216,2009,1887,3896,2206,1327,3533,7429
217,112,76,188,480,312,792,980
218,217,149,366,583,380,963,1329
219,461,485,946,2186,1330,3516,4462
220,168,176,344,870,529,1399,1743
221,1187,1247,2434,6123,3728,9851,12285
222,3,3,6,17,11,28,34
223,430,451,881,2199,1338,3537,4418
224,656,690,1346,3360,2045,5405,6751
225,0,0,0,0,0,0,0
226,18,12,30,67,44,111,141
227,96,65,161,176,114,290,451
228,2,2,4,15,9,24,28
229,127,137,264,1057,550,1607,1871
230,73,78,151,259,135,394,545
231,101,109,210,618,322,940,1150
232,54,58,112,404,210,614,726
233,161,96,257,1331,1054,2385,2642
234,159,95,254,785,622,1407,1661
235,156,93,249,542,429,971,1220
236,876,796,1672,3710,2212,5922,7594
237,196,178,374,1295,773,2068,2442
238,343,311,654,3290,1962,5252,5906
239,161,146,307,1124,671,1795,2102
240,0,0,0,0,0,0,0
241,892,810,1702,2583,1541,4124,5826
242,129,117,246,323,192,515,761
243,157,142,299,1134,676,1810,2109
244,29,26,55,296,176,472,527
245,252,228,480,1376,820,2196,2676
246,244,221,465,771,460,1231,1696
247,584,531,1115,1801,1074,2875,3990
248,569,516,1085,1047,624,1671,2756
249,2403,2341,4744,2529,2391,4920,9664
250,1837,1789,3626,1919,1813,3732,7358
251,407,396,803,678,640,1318,2121
252,1434,1398,2832,2287,2162,4449,7281
253,352,342,694,325,308,633,1327
254,6,5,11,2,1,3,14
255,2316,2256,4572,2276,2150,4426,8998
256,238,242,480,438,319,757,1237
257,2329,2372,4701,1931,1406,3337,8038
258,259,263,522,427,311,738,1260
259,894,910,1804,1380,1005,2385,4189
260,254,258,512,526,383,909,1421
261,2220,2163,4383,1997,1887,3884,8267
262,2332,2272,4604,2135,2017,4152,8756
263,170,165,335,62,58,120,455
264,367,358,725,357,337,694,1419
265,205,160,365,116,120,236,601
266,946,816,1762,1556,667,2223,3985
267,169,132,301,154,159,313,614
268,9,8,17,54,23,77,94
269,0,0,0,0,0,0,0
270,0,0,0,0,0,0,0
271,11,10,21,63,27,90,111
272,0,0,0,0,0,0,0
273,243,166,409,1253,816,2069,2478
274,32,22,54,2261,913,3174,3228
275,33,22,55,2910,1175,4085,4140
276,0,0,0,7,3,10,10
277,37,27,64,833,292,1125,1189
278,0,0,0,0,0,0,0
279,26,20,46,661,231,892,938
280,9,7,16,221,77,298,314
281,0,0,0,0,0,0,0
282,70,53,123,1695,593,2288,2411
283,7,6,13,173,60,233,246
284,1,0,1,6,5,11,12
285,58,31,89,706,166,872,961
286,28,15,43,524,367,891,934
287,393,210,603,6768,4729,11497,12100
288,87,47,134,1172,819,1991,2125
289,108,58,166,1947,1360,3307,3473
290,468,251,719,5660,1331,6991,7710
291,403,217,620,4967,1168,6135,6755
292,640,344,984,7902,1858,9760,10744
293,408,378,786,4914,801,5715,6501
294,292,271,563,3456,563,4019,4582
295,336,311,647,3966,647,4613,5260
296,305,282,587,3694,602,4296,4883
297,19,6,25,665,126,791,816
298,43,49,92,1247,408,1655,1747
299,36,15,51,1867,737,2604,2655
300,246,153,399,1647,811,2458,2857
301,289,228,517,1326,475,1801,2318
302,1312,1434,2746,7198,4414,11612,14358
303,307,241,548,1358,486,1844,2392
304,516,399,915,1604,386,1990,2905
305,517,407,924,2355,844,3199,4123
306,1087,857,1944,4892,1753,6645,8589
307,27,22,49,103,37,140,189
308,269,294,563,1500,919,2419,2982
309,2708,2097,4805,8654,2083,10737,15542
310,192,149,341,544,131,675,1016
311,1296,1418,2714,7302,4477,11779,14493
312,1288,1408,2696,7286,4467,11753,14449
313,314,310,624,1095,457,1552,2176
314,867,576,1443,1684,731,2415,3858
315,524,516,1040,2354,982,3336,4376
316,964,951,1915,4284,1786,6070,7985
317,433,426,859,1928,804,2732,3591
318,1404,1384,2788,6211,2589,8800,11588
319,6,3,9,91,27,118,127
320,155,67,222,1000,292,1292,1514
321,45,19,64,639,186,825,889
322,4,2,6,46,13,59,65
323,1220,1081,2301,3196,1474,4670,6971
324,142,61,203,2025,590,2615,2818
325,1170,1037,2207,7405,3415,10820,13027
326,1520,1346,2866,6954,3207,10161,13027
327,1047,928,1975,4362,2012,6374,8349
328,337,298,635,669,309,978,1613
329,1067,709,1776,2341,1016,3357,5133
330,23,15,38,32,14,46,84
331,2032,1350,3382,3687,1599,5286,8668
332,4212,2800,7012,8868,3847,12715,19727
333,773,730,1503,744,531,1275,2778
334,748,708,1456,944,674,1618,3074
335,470,403,873,2326,974,3300,4173
336,1310,1122,2432,6482,2713,9195,11627
337,1211,1146,2357,757,540,1297,3654
338,447,423,870,677,483,1160,2030
339,1604,1516,3120,2286,1632,3918,7038
340,833,713,1546,4034,1688,5722,7268
341,446,383,829,2085,872,2957,3786
342,2003,1958,3961,683,943,1626,5587
343,2637,2577,5214,1243,1713,2956,8170
344,260,246,506,130,112,242,748
345,6244,5923,12167,2477,2147,4624,16791
346,114,108,222,50,44,94,316
347,170,162,332,83,72,155,487
348,153,146,299,76,65,141,440
349,211,200,411,78,67,145,556
350,2690,2800,5490,1679,1724,3403,8893
351,3118,3246,6364,1636,1680,3316,9680
352,1420,1265,2685,662,621,1283,3968
353,2135,1902,4037,1928,1810,3738,7775
354,6437,5566,12003,1961,2635,4596,16599
355,1669,1444,3113,672,903,1575,4688
356,5865,5581,11446,2150,2082,4232,15678
357,1326,1262,2588,597,579,1176,3764
358,3752,3441,7193,1220,792,2012,9205
359,14455,13258,27713,4819,3128,7947,35660
360,1410,1294,2704,436,283,719,3423
361,11,11,22,18,12,30,52
362,13918,12765,26683,4813,3124,7937,34620
363,7055,5956,13011,2693,1195,3888,16899
364,8861,7481,16342,3100,1376,4476,20818
365,2860,2415,5275,2344,1041,3385,8660
366,1122,948,2070,267,118,385,2455
367,4820,3895,8715,0,183,183,8898
368,54027,50807,104834,6347,5237,11584,116418
369,12054,10815,22869,530,2240,2770,25639
370,5328,4474,9802,1360,950,2310,12112
371,3220,2459,5679,299,211,510,6189
372,1772,1353,3125,566,399,965,4090
373,134,121,255,99,421,520,775
374,18,0,18,1334,25,1359,1377
375,6,0,6,578,11,589,595
376,24,0,24,1959,37,1996,2020
377,0,0,0,29,1,30,30
378,7,0,7,521,0,521,528
379,19,0,19,1607,30,1637,1656
380,2387,2075,4462,263,0,263,4725
381,84,80,164,2,4,6,170
382,1858,1910,3768,288,176,464,4232
383,2255,1768,4023,251,236,487,4510
384,4759,3732,8491,1239,1168,2407,10898
385,313,300,613,179,202,381,994
386,14110,13529,27639,4212,4729,8941,36580
387,17078,16374,33452,3726,4184,7910,41362
388,0,0,0,0,0,0,0
389,17,0,17,354,0,354,371
390,112,0,112,1231,0,1231,1343
391,58,47,105,345,54,399,504
392,2369,2016,4385,1344,659,2003,6388
393,2338,1990,4328,1346,660,2006,6334
394,7169,6102,13271,6899,3385,10284,23555
395,6525,5553,12078,3637,1785,5422,17500
396,1716,1538,3254,331,257,588,3842
397,10815,9694,20509,1528,1188,2716,23225
398,5,7,12,129,67,196,208
399,0,0,0,0,0,0,0
400,1374,1479,2853,58,0,58,2911
401,3272,3524,6796,381,0,381,7177
402,918,769,1687,342,18,360,2047
403,20888,19048,39936,843,1030,1873,41809
404,0,0,0,34157,0,34157,34157
405,11,6,17,520,23,543,560
406,2638,2570,5208,696,435,1131,6339
407,0,1,1,9,5,14,15
408,261,187,448,14,15,29,477
409,0,0,0,0,0,0,0
410,4,3,7,2,3,5,12
411,0,0,0,77,0,77,77
412,0,0,0,0,0,0,0
413,344,308,652,56,36,92,744
414,0,0,0,0,0,0,0
415,7,6,13,1,0,1,14
416,4725,4213,8938,3825,2098,5923,14861
417,1131,1013,2144,189,118,307,2451
418,162,145,307,64,40,104,411
419,4,3,7,12,7,19,26
420,516,462,978,1323,832,2155,3133
421,224,201,425,45,29,74,499
422,989,783,1772,117,117,234,2006
423,2328,1844,4172,137,137,274,4446
424,1553,1230,2783,78,78,156,2939
425,2671,2219,4890,2222,2013,4235,9125
426,2875,2604,5479,10,94,104,5583
427,4150,3757,7907,79,713,792,8699
428,10409,9425,19834,138,1238,1376,21210
429,102,129,231,234,74,308,539
430,0,0,0,0,0,0,0
431,0,0,0,0,0,0,0
432,4545,4312,8857,1574,2204,3778,12635
433,1239,1175,2414,170,238,408,2822
434,0,0,0,0,0,0,0
435,38,36,74,17,69,86,160
436,110,103,213,59,236,295,508
437,2436,2276,4712,205,819,1024,5736
438,1563,1460,3023,166,663,829,3852
439,1017,508,1525,103,51,154,1679
440,1087,893,1980,117,59,176,2156
441,0,0,0,0,0,0,0
442,8476,3207,11683,0,1093,1093,12776
443,0,0,0,50,1,51,51
444,776,293,1069,0,30,30,1099
445,79,0,79,764,9,773,852
446,8103,3066,11169,0,1903,1903,13072
447,1075,841,1916,512,183,695,2611
448,4566,4133,8699,490,1667,2157,10856
449,4035,3652,7687,440,1498,1938,9625
450,3,0,3,377,4,381,384
451,0,0,0,83,1,84,84
452,1,0,1,189,2,191,192
453,1,0,1,81,1,82,83
454,0,0,0,9230,0,9230,9230
455,138,107,245,97,25,122,367
456,4680,3603,8283,165,288,453,8736
457,0,0,0,0,0,0,0
458,2739,2108,4847,167,292,459,5306
459,814,627,1441,32,55,87,1528
460,0,0,0,43,0,43,43
461,0,0,0,0,0,0,0
462,239,215,454,157,98,255,709
463,3664,3295,6959,358,205,563,7522
464,5491,4938,10429,772,443,1215,11644
465,2527,2272,4799,369,212,581,5380
466,4562,4101,8663,533,306,839,9502
467,13707,13201,26908,1984,1288,3272,30180
468,945,910,1855,424,275,699,2554
469,3482,3328,6810,246,288,534,7344
470,9048,9357,18405,858,2348,3206,21611
471,7788,8055,15843,725,1985,2710,18553
472,1804,1655,3459,872,805,1677,5136
473,4599,4502,9101,2575,717,3292,12393
474,6085,5958,12043,4256,1186,5442,17485
475,6230,5712,11942,1645,1518,3163,15105
476,5836,4989,10825,1111,1362,2473,13298
477,4989,4266,9255,660,809,1469,10724
478,6805,6389,13194,8330,4259,12589,25783
479,259,252,511,13,25,38,549
480,2319,2086,4405,171,98,269,4674
481,51,45,96,3,1,4,100
482,210,188,398,10,6,16,414
483,1364,1226,2590,85,49,134,2724
484,2241,1947,4188,689,1138,1827,6015
485,2018,2087,4105,185,508,693,4798
486,8994,8542,17536,0,395,395,17931
487,1659,1294,2953,120,60,180,3133
488,352,297,649,20,9,29,678
489,6230,5260,11490,2036,904,2940,14430
490,2911,2457,5368,675,299,974,6342
491,6435,5433,11868,1747,776,2523,14391
492,1295,1094,2389,901,400,1301,3690
493,0,0,0,0,0,0,0
494,0,0,0,0,0,0,0
495,1951,1986,3937,190,218,408,4345
496,2396,2264,4660,302,452,754,5414
497,35,36,71,49,30,79,150
498,3614,3715,7329,1038,635,1673,9002
499,5989,5743,11732,2764,3102,5866,17598
500,0,0,0,0,0,0,0
501,168,162,330,10,11,21,351
502,1514,1451,2965,1411,1583,2994,5959
503,0,0,0,0,0,0,0
504,591,567,1158,226,254,480,1638
505,6787,6507,13294,2014,2262,4276,17570
506,0,0,0,0,0,0,0
507,2123,1903,4026,363,282,645,4671
508,4593,3909,8502,3407,1672,5079,13581
509,10,12,22,237,122,359,381
510,0,0,0,264,0,264,264
511,0,0,0,0,0,0,0
512,2,2,4,14,7,21,25
513,0,0,0,0,0,0,0
514,1660,1617,3277,466,291,757,4034
515,131,127,258,60,37,97,355
516,0,0,0,0,0,0,0
517,36,36,72,10,7,17,89
518,0,0,0,27,22,49,49
519,0,0,0,0,0,0,0
520,539,483,1022,87,55,142,1164
521,928,881,1809,206,288,494,2303
522,0,0,0,0,0,0,0
523,0,0,0,0,0,0,0
524,0,0,0,0,0,0,0
525,0,0,0,0,0,0,0
526,1940,1841,3781,1066,1493,2559,6340
527,0,0,0,0,0,0,0
528,0,0,0,0,0,0,0
529,2219,2106,4325,1191,1668,2859,7184
530,0,0,0,0,0,0,0
531,0,0,0,0,0,0,0
532,0,0,0,0,0,0,0
533,0,0,0,0,0,0,0
534,0,0,0,0,0,0,0
535,0,0,0,0,0,0,0
536,0,0,0,0,0,0,0
537,0,0,0,0,0,0,0
538,80,57,137,3,3,6,143
539,0,0,0,0,0,0,0
540,4,3,7,2,3,5,12
541,0,0,0,0,0,0,0
542,0,0,0,9,0,9,9
543,0,0,0,18,0,18,18
544,0,0,0,14,0,14,14
545,0,0,0,0,0,0,0
546,0,0,0,0,0,0,0
547,0,0,0,9,0,9,9
548,523,373,896,316,362,678,1574
549,0,0,0,0,0,0,0
550,0,0,0,81,0,81,81
551,0,0,0,67,0,67,67
552,0,0,0,0,0,0,0
553,0,0,0,0,0,0,0
554,0,0,0,0,0,0,0
555,0,0,0,0,0,0,0
556,0,0,0,27,0,27,27
557,0,0,0,175,0,175,175
558,0,0,0,0,0,0,0
559,0,0,0,49,0,49,49
560,1247,1117,2364,1590,999,2589,4953
561,0,0,0,0,0,0,0
562,2861,2562,5423,3887,2443,6330,11753
563,1663,1490,3153,1476,928,2404,5557
564,125,117,242,66,262,328,570
565,0,0,0,184,0,184,184
566,2276,2126,4402,227,906,1133,5535
567,2402,2244,4646,262,1050,1312,5958
568,2829,2642,5471,366,1463,1829,7300
569,4913,4221,9134,2703,1622,4325,13459
570,2912,2502,5414,1383,830,2213,7627
571,0,0,0,0,0,0,0
572,3306,2840,6146,1353,812,2165,8311
573,14,13,27,6,23,29,56
574,17,15,32,9,35,44,76
575,118,111,229,58,234,292,521
576,0,0,0,0,0,0,0
577,1473,1265,2738,383,230,613,3351
578,1728,1484,3212,619,371,990,4202
579,1277,1097,2374,174,105,279,2653
580,0,0,0,0,0,0,0
581,1553,1450,3003,187,746,933,3936
582,1227,1146,2373,158,633,791,3164
583,1400,1151,2551,165,83,248,2799
584,1227,1053,2280,219,405,624,2904
585,1461,1254,2715,268,494,762,3477
586,2843,2442,5285,758,1399,2157,7442
587,0,0,0,0,0,0,0
588,1424,1171,2595,43,21,64,2659
589,2330,1665,3995,294,336,630,4625
590,2083,1712,3795,117,59,176,3971
591,1768,1454,3222,107,54,161,3383
592,3025,2189,5214,282,339,621,5835
593,0,0,0,0,0,0,0
594,2650,1918,4568,360,432,792,5360
595,3,1,4,1,0,1,5
596,0,0,0,0,0,0,0
597,2891,2275,5166,2242,1842,4084,9250
598,3632,2858,6490,1719,1412,3131,9621
599,2809,2210,5019,1503,1234,2737,7756
600,2360,1822,4182,925,337,1262,5444
601,1984,1531,3515,1213,441,1654,5169
602,1476,1140,2616,998,363,1361,3977
603,1565,924,2489,924,604,1528,4017
604,1817,1072,2889,1070,699,1769,4658
605,2600,1534,4134,2017,1319,3336,7470
606,360,306,666,187,163,350,1016
607,3144,2668,5812,729,638,1367,7179
608,1981,1680,3661,1147,1004,2151,5812
609,694,589,1283,116,102,218,1501
610,91,46,137,23,12,35,172
611,7,0,7,249,3,252,259
612,0,0,0,33,0,33,33
613,0,0,0,0,0,0,0
614,0,0,0,0,0,0,0
615,262,235,497,340,214,554,1051
616,0,0,0,0,0,0,0
617,0,0,0,0,0,0,0
618,45,41,86,53,33,86,172
619,0,0,0,0,0,0,0
620,4009,2587,6596,1597,1487,3084,9680
621,0,0,0,0,0,0,0
622,0,0,0,0,0,0,0
623,0,0,0,0,0,0,0
624,1182,1135,2317,1076,1308,2384,4701
625,0,0,0,0,0,0,0
626,478,308,786,302,282,584,1370
627,0,0,0,0,0,0,0
628,1199,773,1972,972,905,1877,3849
629,1344,1232,2576,981,862,1843,4419
630,0,0,0,0,0,0,0
631,8,8,16,10,7,17,33
632,167,165,332,96,52,148,480
633,0,0,0,0,0,0,0
634,1762,1379,3141,1377,1127,2504,5645
635,0,0,0,0,0,0,0
636,0,0,0,0,0,0,0
637,2843,2582,5425,1125,1657,2782,8207
638,686,622,1308,232,343,575,1883
639,0,0,0,0,0,0,0
640,169,133,302,80,66,146,448
641,0,0,0,0,0,0,0
642,0,0,0,0,0,0,0
643,484,313,797,102,95,197,994
644,0,0,0,0,0,0,0
645,136,88,224,23,22,45,269
646,0,0,0,0,0,0,0
647,0,0,0,0,0,0,0
648,599,386,985,415,387,802,1787
649,211,136,347,81,75,156,503
650,768,609,1377,179,90,269,1646
651,0,0,0,0,0,0,0
652,244,158,402,189,176,365,767
653,453,292,745,80,75,155,900
654,469,303,772,115,107,222,994
655,118,76,194,84,78,162,356
656,178,163,341,178,156,334,675
657,567,520,1087,177,155,332,1419
658,114,104,218,18,16,34,252
659,291,266,557,74,65,139,696
660,24690,22402,47092,1178,3219,4397,51489
661,0,0,0,0,0,0,0
662,0,0,0,0,0,0,0
663,0,0,0,0,0,0,0
664,554,508,1062,352,309,661,1723
665,0,0,0,0,0,0,0
666,648,594,1242,69,61,130,1372
667,159,146,305,16,14,30,335
668,465,427,892,155,137,292,1184
669,0,0,0,0,0,0,0
670,7,5,12,2,2,4,16
671,0,0,0,0,0,0,0
672,0,0,0,0,0,0,0
673,757,858,1615,0,44,44,1659
674,0,0,0,0,0,0,0
675,0,0,0,0,0,0,0
676,0,0,0,0,0,0,0
677,1026,798,1824,683,477,1160,2984
678,1560,1397,2957,745,468,1213,4170
679,0,0,0,0,0,0,0
680,0,0,0,0,0,0,0
681,0,0,0,0,0,0,0
682,784,610,1394,579,405,984,2378
683,3414,2882,6296,1473,654,2127,8423
684,0,0,0,0,0,0,0
685,4099,3993,8092,547,342,889,8981
686,0,0,0,27,22,49,49
687,6533,5792,12325,1508,786,2294,14619
688,1276,1244,2520,342,214,556,3076
689,0,0,0,0,0,0,0
690,0,0,0,3,0,3,3
691,518,403,921,321,225,546,1467
692,0,0,0,0,0,0,0
693,0,0,0,0,0,0,0
694,33,29,62,29,19,48,110
695,15,14,29,14,9,23,52
696,1400,1253,2653,1818,1142,2960,5613
697,0,0,0,0,0,0,0
698,0,0,0,0,0,0,0
699,0,0,0,0,0,0,0
700,69,69,138,29,25,54,192
701,1667,1332,2999,1107,902,2009,5008
702,0,0,0,0,0,0,0
703,876,682,1558,584,408,992,2550
704,941,733,1674,638,446,1084,2758
705,1073,835,1908,573,401,974,2882
706,1064,829,1893,636,444,1080,2973
707,724,563,1287,460,321,781,2068
708,1219,949,2168,1007,703,1710,3878
709,1333,1038,2371,1014,708,1722,4093
710,1130,880,2010,929,650,1579,3589
711,6,4,10,1,0,1,11
712,1774,1430,3204,1483,1443,2926,6130
713,844,680,1524,620,604,1224,2748
714,1403,1132,2535,799,778,1577,4112
715,1040,838,1878,769,749,1518,3396
716,1251,1008,2259,566,550,1116,3375
717,983,792,1775,451,440,891,2666
718,1217,982,2199,472,459,931,3130
719,1028,828,1856,542,527,1069,2925
720,3412,3102,6514,763,1525,2288,8802
721,2722,2475,5197,839,1679,2518,7715
722,1613,1467,3080,405,811,1216,4296
723,2982,2639,5621,1860,1349,3209,8830
724,2137,1891,4028,1001,727,1728,5756
725,2510,2222,4732,1977,1434,3411,8143
726,2619,2254,4873,1673,1282,2955,7828
727,2358,2029,4387,1624,1245,2869,7256
728,2350,2022,4372,885,678,1563,5935
729,2379,2047,4426,1446,1108,2554,6980
730,1713,1474,3187,536,411,947,4134
731,4457,3487,7944,1957,699,2656,10600
732,1176,920,2096,434,155,589,2685
733,2664,2084,4748,1650,589,2239,6987
734,707,553,1260,173,62,235,1495
735,1380,1079,2459,409,146,555,3014
736,778,755,1533,1106,582,1688,3221
737,709,688,1397,887,466,1353,2750
738,872,847,1719,953,501,1454,3173
739,1280,1241,2521,1358,714,2072,4593
740,996,967,1963,1047,551,1598,3561
741,623,605,1228,616,324,940,2168
742,106,102,208,46,24,70,278
743,65,63,128,207,109,316,444
744,738,717,1455,1144,601,1745,3200
745,862,836,1698,1402,737,2139,3837
746,60,59,119,176,93,269,388
747,722,700,1422,1120,589,1709,3131
748,815,645,1460,207,251,458,1918
749,1617,1278,2895,1025,1239,2264,5159
750,1101,870,1971,1633,1974,3607,5578
751,0,0,0,0,0,0,0
752,671,531,1202,715,865,1580,2782
753,0,0,0,0,0,0,0
754,1904,1504,3408,1992,2408,4400,7808
755,3335,2502,5837,1408,1716,3124,8961
756,1413,1059,2472,596,726,1322,3794
757,1670,1426,3096,664,903,1567,4663
758,2520,2153,4673,1067,1451,2518,7191
759,4,3,7,3,4,7,14
760,1575,1396,2971,68,72,140,3111
761,935,830,1765,36,39,75,1840
762,1265,1121,2386,165,174,339,2725
763,2889,2562,5451,716,758,1474,6925
764,7485,6638,14123,2989,3164,6153,20276
765,1594,1414,3008,255,270,525,3533
766,4123,3732,7855,218,741,959,8814
767,1847,1672,3519,30,101,131,3650
768,0,0,0,0,0,0,0
769,4477,4053,8530,326,1107,1433,9963
770,3133,2836,5969,174,590,764,6733
771,2638,2387,5025,137,467,604,5629
772,3879,3511,7390,205,699,904,8294
773,3463,3134,6597,166,563,729,7326
774,851,656,1507,82,143,225,1732
775,0,0,0,9,0,9,9
776,0,0,0,553,0,553,553
777,0,0,0,44,0,44,44
778,8,7,15,1,1,2,17
779,1,0,1,3,2,5,6
780,0,0,0,0,0,0,0
781,87,92,179,261,176,437,616
782,2,2,4,7,5,12,16
783,243,217,460,43,55,98,558
784,488,435,923,442,563,1005,1928
785,96,85,181,52,66,118,299
786,525,469,994,175,223,398,1393
787,885,789,1674,299,380,679,2353
788,444,396,840,334,424,758,1598
789,0,0,0,0,0,0,0
790,152,111,263,415,422,837,1100
791,0,0,0,0,0,0,0
792,0,0,0,0,0,0,0
793,710,522,1232,421,430,851,2083
794,661,485,1146,533,544,1077,2223
795,435,319,754,159,163,322,1076
796,273,201,474,100,101,201,675
797,299,219,518,325,332,657,1175
798,390,286,676,366,372,738,1414
799,798,586,1384,966,984,1950,3334
800,367,270,637,339,345,684,1321
801,250,184,434,333,339,672,1106
802,510,375,885,550,561,1111,1996
803,755,555,1310,1037,1057,2094,3404
804,570,419,989,997,1016,2013,3002
805,0,0,0,0,0,0,0
806,516,500,1016,260,376,636,1652
807,1000,968,1968,858,1243,2101,4069
808,1098,1063,2161,874,1266,2140,4301
809,268,259,527,134,193,327,854
810,190,184,374,30,43,73,447
811,2890,2581,5471,1196,2206,3402,8873
812,1347,1202,2549,340,628,968,3517
813,121,117,238,180,160,340,578
814,0,0,0,0,0,0,0
815,237,229,466,441,393,834,1300
816,970,936,1906,926,825,1751,3657
817,153,151,304,246,153,399,703
818,291,280,571,183,163,346,917
819,0,0,0,0,0,0,0
820,222,214,436,82,73,155,591
821,122,117,239,63,56,119,358
822,161,155,316,205,183,388,704
823,102,98,200,104,92,196,396
824,0,0,0,0,0,0,0
825,22,22,44,247,82,329,373
826,963,865,1828,1517,1357,2874,4702
827,810,728,1538,1491,1333,2824,4362
828,1067,959,2026,1489,1332,2821,4847
829,7,6,13,27,24,51,64
830,155,148,303,582,499,1081,1384
831,604,577,1181,1284,1102,2386,3567
832,549,524,1073,1452,1247,2699,3772
833,361,289,650,966,709,1675,2325
834,282,226,508,591,433,1024,1532
835,583,468,1051,1675,1230,2905,3956
836,77,61,138,235,172,407,545
837,703,632,1335,811,725,1536,2871
838,598,537,1135,689,616,1305,2440
839,893,803,1696,324,289,613,2309
840,315,283,598,275,246,521,1119
841,576,518,1094,403,361,764,1858
842,302,271,573,385,344,729,1302
843,175,168,343,653,560,1213,1556
844,224,214,438,856,734,1590,2028
845,601,575,1176,799,686,1485,2661
846,286,274,560,316,272,588,1148
847,368,352,720,978,839,1817,2537
848,499,400,899,1206,885,2091,2990
849,219,175,394,459,337,796,1190
850,386,310,696,865,635,1500,2196
851,375,301,676,691,507,1198,1874
852,168,135,303,535,392,927,1230
853,48,38,86,77,56,133,219
854,7,5,12,5,3,8,20
855,25,20,45,88,65,153,198
856,475,380,855,805,591,1396,2251
857,38,30,68,18,13,31,99
858,604,577,1181,695,597,1292,2473
859,521,498,1019,1025,880,1905,2924
860,492,471,963,648,557,1205,2168
861,432,346,778,661,485,1146,1924
862,332,267,599,355,261,616,1215
863,70,57,127,115,85,200,327
864,139,112,251,267,196,463,714
865,122,97,219,208,153,361,580
866,107,85,192,172,127,299,491
867,235,189,424,465,341,806,1230
868,255,205,460,512,376,888,1348
869,44,40,84,7,7,14,98
870,306,275,581,159,143,302,883
871,612,549,1161,541,483,1024,2185
872,549,493,1042,286,255,541,1583
873,306,275,581,366,328,694,1275
874,78,74,152,291,250,541,693
875,182,174,356,672,576,1248,1604
876,115,109,224,417,357,774,998
877,379,363,742,859,738,1597,2339
878,609,582,1191,820,704,1524,2715
879,470,450,920,643,551,1194,2114
880,800,642,1442,2105,1545,3650,5092
881,384,308,692,807,593,1400,2092
882,286,229,515,550,403,953,1468
883,229,184,413,660,484,1144,1557
884,272,218,490,1007,739,1746,2236
885,15,12,27,39,28,67,94
886,482,387,869,1764,1294,3058,3927
887,0,0,0,0,0,0,0
888,2631,2126,4757,1699,1412,3111,7868
889,2841,2296,5137,1324,1101,2425,7562
890,2704,2176,4880,557,864,1421,6301
891,1111,894,2005,209,323,532,2537
892,3645,2934,6579,611,946,1557,8136
893,4085,3288,7373,737,1142,1879,9252
894,3218,2590,5808,652,1011,1663,7471
895,4353,4258,8611,1063,2004,3067,11678
896,1433,1403,2836,509,959,1468,4304
897,549,525,1074,168,149,317,1391
898,2410,2305,4715,858,757,1615,6330
899,5665,5418,11083,1510,1332,2842,13925
900,1325,1268,2593,1251,1103,2354,4947
901,3340,3194,6534,1604,1416,3020,9554
902,4798,4588,9386,1324,1169,2493,11879
903,2336,2234,4570,1048,925,1973,6543
904,1214,1161,2375,754,665,1419,3794
905,4353,4163,8516,1618,1428,3046,11562
906,5715,5428,11143,2054,1808,3862,15005
907,4178,3968,8146,1351,1190,2541,10687
908,4571,4342,8913,1863,1641,3504,12417
909,5152,4893,10045,1940,1708,3648,13693
910,239,227,466,73,64,137,603
911,1202,1142,2344,1014,892,1906,4250
912,2942,2578,5520,2627,2701,5328,10848
913,2029,2111,4140,1190,1222,2412,6552
914,4617,4805,9422,3111,3192,6303,15725
915,2243,1998,4241,1558,1463,3021,7262
916,2342,2085,4427,879,826,1705,6132
917,547,487,1034,276,260,536,1570
918,952,848,1800,498,467,965,2765
919,1,1,2,3,2,5,7
920,8,8,16,22,21,43,59
921,2033,1935,3968,568,550,1118,5086
922,1668,1587,3255,814,788,1602,4857
923,639,623,1262,744,704,1448,2710
924,302,294,596,164,155,319,915
925,631,614,1245,495,467,962,2207
926,621,605,1226,672,635,1307,2533
927,566,552,1118,676,639,1315,2433
928,0,0,0,0,0,0,0
929,1285,1000,2285,783,810,1593,3878
930,1719,1486,3205,444,596,1040,4245
931,0,0,0,0,0,0,0
932,88,77,165,42,57,99,264
933,684,591,1275,154,207,361,1636
934,614,530,1144,143,193,336,1480
935,782,676,1458,201,270,471,1929
936,1069,925,1994,312,419,731,2725
937,979,846,1825,364,489,853,2678
938,803,694,1497,285,384,669,2166
939,825,713,1538,275,370,645,2183
940,1058,914,1972,397,533,930,2902
941,2656,2297,4953,983,1321,2304,7257
942,2407,2081,4488,1145,1538,2683,7171
943,1620,1401,3021,422,566,988,4009
944,11555,10368,21923,492,2080,2572,24495
945,231,207,438,30,126,156,594
946,348,312,660,28,116,144,804
947,514,461,975,66,278,344,1319
948,707,635,1342,224,948,1172,2514
949,0,0,0,0,0,0,0
950,5010,4206,9216,1586,1108,2694,11910
951,991,833,1824,422,294,716,2540
952,134,113,247,92,65,157,404
953,206,173,379,31,21,52,431
954,420,353,773,255,178,433,1206
955,271,228,499,130,91,221,720
956,1695,1424,3119,595,416,1011,4130
957,1156,970,2126,529,369,898,3024
958,4857,4079,8936,2065,1442,3507,12443
959,1522,1278,2800,588,411,999,3799
960,1184,994,2178,380,265,645,2823
961,1232,1172,2404,729,705,1434,3838
962,1273,1212,2485,455,440,895,3380
963,1475,1403,2878,378,366,744,3622
964,1263,1202,2465,345,334,679,3144
965,1269,1208,2477,291,281,572,3049
966,1460,1390,2850,640,619,1259,4109
967,1382,1315,2697,920,890,1810,4507
968,952,905,1857,568,550,1118,2975
969,597,568,1165,317,306,623,1788
970,0,0,0,0,0,0,0
971,2282,2092,4374,736,477,1213,5587
972,2824,2590,5414,846,549,1395,6809
973,682,520,1202,61,43,104,1306
974,827,631,1458,125,88,213,1671
975,178,136,314,35,25,60,374
976,78,59,137,29,21,50,187
977,12,9,21,6,4,10,31
978,0,0,0,0,0,0,0
979,5384,4111,9495,409,289,698,10193
980,2745,2095,4840,285,201,486,5326
981,6342,4842,11184,1488,1050,2538,13722
982,4451,3399,7850,799,564,1363,9213
983,2534,1935,4469,767,541,1308,5777
984,2433,1857,4290,293,206,499,4789
985,2973,2270,5243,563,398,961,6204
986,226,172,398,95,67,162,560
987,291,223,514,123,86,209,723
988,219,168,387,93,65,158,545
989,1050,801,1851,241,170,411,2262
990,299,228,527,129,91,220,747
991,312,239,551,124,87,211,762
992,2049,1880,3929,774,503,1277,5206
993,590,541,1131,227,148,375,1506
994,1679,1540,3219,541,352,893,4112
995,1065,977,2042,470,305,775,2817
996,2266,2078,4344,882,572,1454,5798
997,1022,937,1959,483,314,797,2756
998,1216,1116,2332,621,403,1024,3356
999,2580,2366,4946,906,589,1495,6441
1000,2133,1957,4090,890,578,1468,5558
1001,576,529,1105,193,125,318,1423
1002,1575,1445,3020,417,271,688,3708
1003,2692,2468,5160,704,457,1161,6321
1004,2552,2341,4893,544,353,897,5790
1005,3490,3201,6691,966,627,1593,8284
1006,1524,1397,2921,359,233,592,3513
1007,3065,2811,5876,1637,1063,2700,8576
1008,0,0,0,0,0,0,0
1009,1906,1609,3515,1441,639,2080,5595
1010,2274,1919,4193,1805,801,2606,6799
1011,2396,2023,4419,1807,802,2609,7028
1012,0,0,0,0,0,0,0
1013,0,0,0,0,0,0,0
1014,0,0,0,0,0,0,0
1015,1460,1232,2692,485,215,700,3392
1016,1273,1074,2347,497,220,717,3064
1017,1186,1002,2188,328,145,473,2661
1018,3500,2955,6455,946,420,1366,7821
1019,11,10,21,12,5,17,38
1020,3291,2778,6069,865,384,1249,7318
1021,1943,1640,3583,929,412,1341,4924
1022,1297,1176,2473,148,403,551,3024
1023,1669,1240,2909,6244,4814,11058,13967
1024,368,308,676,211,141,352,1028
1025,125,104,229,231,154,385,614
1026,20,16,36,25,17,42,78
1027,0,0,0,0,0,0,0
1028,110,99,209,100,63,163,372
1029,243,196,439,76,90,166,605
1030,9,7,16,53,53,106,122
1031,3571,2446,6017,7532,5449,12981,18998
1032,395,283,678,1537,1560,3097,3775
1033,198,140,338,88,84,172,510
1034,0,0,0,0,0,0,0
1035,111,119,230,325,304,629,859
1036,0,0,0,0,0,0,0
1037,0,1,1,2,2,4,5
1038,360,382,742,550,514,1064,1806
1039,692,737,1429,2384,2228,4612,6041
1040,349,371,720,596,556,1152,1872
1041,224,239,463,604,564,1168,1631
1042,58,57,115,40,81,121,236
1043,536,564,1100,2465,1500,3965,5065
1044,0,0,0,0,0,0,0
1045,49,52,101,252,154,406,507
1046,0,0,0,0,0,0,0
1047,16,17,33,34,20,54,87
1048,231,242,473,1147,698,1845,2318
1049,867,912,1779,4447,2707,7154,8933
1050,544,572,1116,2812,1712,4524,5640
1051,688,722,1410,3461,2107,5568,6978
1052,13,14,27,67,41,108,135
1053,0,0,0,0,0,0,0
1054,21,22,43,108,66,174,217
1055,524,551,1075,2694,1640,4334,5409
1056,135,141,276,693,422,1115,1391
1057,935,983,1918,4904,2986,7890,9808
1058,590,621,1211,3089,1881,4970,6181
1059,268,281,549,1346,819,2165,2714
1060,1,0,1,9,6,15,16
1061,3,2,5,84,58,142,147
1062,0,0,0,0,0,0,0
1063,55,41,96,892,622,1514,1610
1064,22,16,38,35,25,60,98
1065,1,1,2,4,2,6,8
1066,6,4,10,80,56,136,146
1067,23,18,41,74,52,126,167
1068,7,5,12,24,15,39,51
1069,29,20,49,32,20,52,101
1070,2,1,3,8,6,14,17
1071,211,145,356,610,397,1007,1363
1072,308,212,520,1108,721,1829,2349
1073,275,189,464,1128,734,1862,2326
1074,4242,4395,8637,912,912,1824,10461
1075,586,607,1193,103,103,206,1399
1076,4013,4158,8171,907,907,1814,9985
1077,4028,4174,8202,969,969,1938,10140
1078,680,705,1385,223,223,446,1831
1079,363,377,740,88,88,176,916
1080,5036,5218,10254,1033,1033,2066,12320
1081,6,6,12,9,9,18,30
1082,919,953,1872,296,296,592,2464
1083,1316,1364,2680,290,290,580,3260
1084,114,119,233,163,163,326,559
1085,642,629,1271,407,114,521,1792
1086,135,123,258,112,104,216,474
1087,669,613,1282,345,319,664,1946
1088,1495,1371,2866,483,445,928,3794
1089,1919,1760,3679,768,709,1477,5156
1090,1961,1798,3759,620,573,1193,4952
1091,0,0,0,0,0,0,0
1092,213,195,408,380,350,730,1138
1093,0,0,0,0,0,0,0
1094,5693,4946,10639,1249,2065,3314,13953
1095,2396,2048,4444,2148,2632,4780,9224
1096,73,73,146,84,52,136,282
1097,16,11,27,11,11,22,49
1098,27,19,46,70,71,141,187
1099,255,230,485,383,352,735,1220
1100,14,13,27,10,7,17,44
1101,1473,1324,2797,1998,1846,3844,6641
1102,224,202,426,380,351,731,1157
1103,2526,2269,4795,3763,3475,7238,12033
1104,921,827,1748,134,124,258,2006
1105,62,55,117,32,30,62,179
1106,685,616,1301,884,817,1701,3002
1107,841,756,1597,1007,930,1937,3534
1108,461,339,800,85,79,164,964
1109,182,138,320,519,480,999,1319
1110,1420,1302,2722,612,565,1177,3899
1111,1236,1211,2447,963,268,1231,3678
1112,1385,1270,2655,654,604,1258,3913
1113,443,407,850,218,201,419,1269
1114,1075,985,2060,272,252,524,2584
1115,680,623,1303,404,372,776,2079
1116,563,517,1080,324,299,623,1703
1117,702,643,1345,323,299,622,1967
1118,82,89,171,1330,692,2022,2193
1119,87,93,180,1426,742,2168,2348
1120,51,55,106,881,459,1340,1446
1121,37,39,76,676,351,1027,1103
1122,126,135,261,1487,774,2261,2522
1123,131,141,272,1095,570,1665,1937
1124,83,90,173,1302,678,1980,2153
1125,153,165,318,1796,934,2730,3048
1126,114,122,236,1097,571,1668,1904
1127,55,59,114,381,198,579,693
1128,64,69,133,435,226,661,794
1129,0,0,0,0,0,0,0
1130,29,31,60,460,240,700,760
1131,48,51,99,404,210,614,713
1132,46,49,95,53,27,80,175
1133,1,1,2,8,4,12,14
1134,12,13,25,81,42,123,148
1135,0,1,1,4,2,6,7
1136,6,6,12,103,54,157,169
1137,134,143,277,876,455,1331,1608
1138,0,0,0,0,0,0,0
1139,58,63,121,606,316,922,1043
1140,95,86,181,836,498,1334,1515
1141,20,21,41,274,143,417,458
1142,146,88,234,837,663,1500,1734
1143,79,48,127,45,35,80,207
1144,48,29,77,197,156,353,430
1145,50,30,80,335,265,600,680
1146,68,41,109,248,196,444,553
1147,249,150,399,978,775,1753,2152
1148,186,111,297,718,568,1286,1583
1149,76,45,121,502,397,899,1020
1150,114,69,183,725,575,1300,1483
1151,306,278,584,779,465,1244,1828
1152,0,0,0,0,0,0,0
1153,282,256,538,1302,776,2078,2616
1154,103,94,197,604,361,965,1162
1155,179,162,341,1191,710,1901,2242
1156,146,100,246,584,380,964,1210
1157,37,25,62,105,69,174,236
1158,1,0,1,2,2,4,5
1159,66,46,112,28,18,46,158
1160,5,3,8,5,4,9,17
1161,23,15,38,93,60,153,191
1162,58,39,97,54,35,89,186
1163,5,3,8,25,17,42,50
1164,1,1,2,5,4,9,11
1165,71,48,119,228,149,377,496
1166,145,99,244,576,374,950,1194
1167,0,0,0,0,0,0,0
1168,145,99,244,617,401,1018,1262
1169,97,66,163,342,222,564,727
1170,87,59,146,229,149,378,524
1171,95,65,160,237,155,392,552
1172,138,95,233,541,352,893,1126
1173,0,0,0,0,0,0,0
1174,72,49,121,370,241,611,732
1175,34,24,58,149,97,246,304
1176,87,59,146,219,142,361,507
1177,26,18,44,134,87,221,265
1178,237,163,400,1129,735,1864,2264
1179,74,51,125,207,135,342,467
1180,0,0,0,0,0,0,0
1181,1,1,2,5,4,9,11
1182,128,88,216,665,432,1097,1313
1183,0,0,0,0,0,0,0
1184,5,3,8,22,15,37,45
1185,0,0,0,0,0,0,0
1186,4,2,6,20,13,33,39
1187,0,0,0,0,0,0,0
1188,1,0,1,2,2,4,5
1189,0,0,0,0,0,0,0
1190,559,508,1067,5343,3186,8529,9596
1191,27,25,52,314,188,502,554
1192,220,199,419,975,581,1556,1975
1193,2,1,3,7,4,11,14
1194,31,28,59,360,215,575,634
1195,101,92,193,481,287,768,961
1196,0,0,0,0,0,0,0
1197,46,42,88,217,129,346,434
1198,89,81,170,767,458,1225,1395
1199,76,69,145,60,35,95,240
1200,198,179,377,1470,876,2346,2723
1201,0,0,0,0,0,0,0
1202,15,14,29,158,94,252,281
1203,198,180,378,1118,667,1785,2163
1204,0,0,0,0,0,0,0
1205,58,52,110,261,156,417,527
1206,19,18,37,144,86,230,267
1207,41,38,79,205,123,328,407
1208,119,108,227,560,334,894,1121
1209,231,209,440,1610,960,2570,3010
1210,175,158,333,870,519,1389,1722
1211,0,0,0,0,0,0,0
1212,699,635,1334,1418,845,2263,3597
1213,1,0,1,4,2,6,7
1214,505,458,963,767,458,1225,2188
1215,551,378,929,2146,1397,3543,4472
1216,333,228,561,1196,778,1974,2535
1217,87,59,146,382,249,631,777
1218,111,76,187,553,359,912,1099
1219,38,26,64,193,126,319,383
1220,5,4,9,146,59,205,214
1221,4,3,7,116,47,163,170
1222,14,10,24,1272,514,1786,1810
1223,0,0,0,4,1,5,5
1224,9,6,15,794,321,1115,1130
1225,6,4,10,529,213,742,752
1226,22,15,37,1948,787,2735,2772
1227,26,17,43,2375,959,3334,3377
1228,0,0,0,0,0,0,0
1229,0,0,0,4,1,5,5
1230,8,5,13,727,294,1021,1034
1231,145,78,223,2688,1879,4567,4790
1232,22,11,33,393,274,667,700
1233,29,16,45,548,383,931,976
1234,34,18,52,628,439,1067,1119
1235,24,13,37,450,315,765,802
1236,0,0,0,0,0,0,0
1237,100,53,153,1848,1292,3140,3293
1238,318,171,489,3939,926,4865,5354
1239,83,97,180,1618,505,2123,2303
1240,493,438,931,2460,1089,3549,4480
1241,346,308,654,1753,776,2529,3183
1242,55,41,96,1208,423,1631,1727
1243,56,42,98,1352,473,1825,1923
1244,22,17,39,552,193,745,784
1245,31,23,54,676,236,912,966
1246,26,20,46,644,226,870,916
1247,31,24,55,750,262,1012,1067
1248,64,48,112,1469,514,1983,2095
1249,110,82,192,2609,913,3522,3714
1250,26,19,45,645,226,871,916
1251,31,23,54,696,243,939,993
1252,112,84,196,2653,928,3581,3777
1253,31,23,54,736,258,994,1048
1254,50,37,87,1221,428,1649,1736
1255,19,14,33,424,149,573,606
1256,13,9,22,318,111,429,451
1257,0,0,0,0,0,0,0
1258,21,15,36,490,171,661,697
1259,0,0,0,0,0,0,0
1260,0,0,0,0,0,0,0
1261,235,218,453,2864,467,3331,3784
1262,781,724,1505,9407,1534,10941,12446
1263,235,218,453,2839,463,3302,3755
1264,272,242,514,1333,591,1924,2438
1265,3,2,5,13,6,19,24
1266,182,162,344,889,394,1283,1627
1267,1261,1185,2446,1423,857,2280,4726
1268,772,725,1497,658,396,1054,2551
1269,0,0,0,0,0,0,0
1270,838,788,1626,785,472,1257,2883
1271,871,819,1690,804,483,1287,2977
1272,4,4,8,4,3,7,15
1273,912,857,1769,804,484,1288,3057
1274,4,5,9,22,13,35,44
1275,0,0,0,0,0,0,0
1276,360,391,751,1551,916,2467,3218
1277,5,6,11,27,16,43,54
1278,1813,1703,3516,1937,1166,3103,6619
1279,353,385,738,1976,1212,3188,3926
1280,549,600,1149,3099,1900,4999,6148
1281,377,413,790,2098,1287,3385,4175
1282,326,357,683,1862,1142,3004,3687
1283,360,354,714,1477,616,2093,2807
1284,380,375,755,1577,658,2235,2990
1285,300,296,596,1102,460,1562,2158
1286,295,290,585,1210,505,1715,2300
1287,498,491,989,2228,929,3157,4146
1288,245,241,486,689,287,976,1462
1289,65,43,108,122,53,175,283
1290,263,175,438,588,255,843,1281
1291,61,40,101,127,55,182,283
1292,422,281,703,844,366,1210,1913
1293,293,195,488,612,265,877,1365
1294,583,575,1158,1896,791,2687,3845
1295,303,298,601,1386,578,1964,2565
1296,861,849,1710,3579,1492,5071,6781
1297,378,372,750,1610,671,2281,3031
1298,2,1,3,6,3,9,12
1299,374,368,742,1670,696,2366,3108
1300,1392,1372,2764,6310,2631,8941,11705
1301,1259,1241,2500,5611,2339,7950,10450
1302,864,817,1681,1151,822,1973,3654
1303,807,764,1571,911,650,1561,3132
1304,656,621,1277,602,429,1031,2308
1305,1267,1199,2466,1990,1421,3411,5877
1306,60,52,112,295,124,419,531
1307,40,35,75,29,19,48,123
1308,1051,1027,2078,380,523,903,2981
1309,6,5,11,7,10,17,28
1310,183,179,362,124,171,295,657
1311,497,485,982,433,597,1030,2012
1312,894,873,1767,534,736,1270,3037
1313,868,848,1716,550,758,1308,3024
1314,1008,985,1993,1070,1476,2546,4539
1315,2510,2136,4646,1189,584,1773,6419
1316,170,144,314,329,162,491,805
1317,462,393,855,564,277,841,1696
1318,209,177,386,406,199,605,991
1319,762,648,1410,436,214,650,2060
1320,937,798,1735,1216,596,1812,3547
1321,57,49,106,111,54,165,271
1322,293,250,543,570,280,850,1393
1323,143,122,265,191,94,285,550
1324,2152,1831,3983,1385,680,2065,6048
1325,2463,2096,4559,1258,618,1876,6435
1326,5030,4281,9311,1436,705,2141,11452
1327,7472,6698,14170,1353,1052,2405,16575
1328,0,0,0,0,0,0,0
1329,6766,6065,12831,838,651,1489,14320
1330,1286,1152,2438,147,114,261,2699
1331,746,635,1381,300,147,447,1828
1332,4,3,7,1,0,1,8
1333,294,250,544,144,71,215,759
1334,807,687,1494,374,184,558,2052
1335,98,113,211,3695,1208,4903,5114
1336,9,11,20,359,118,477,497
1337,34,38,72,1173,383,1556,1628
1338,0,0,0,0,0,0,0
1339,9,4,13,461,182,643,656
1340,31,12,43,1470,581,2051,2094
1341,244,211,455,1635,651,2286,2741
1342,229,143,372,1577,777,2354,2726
1343,101,87,188,684,272,956,1144
1344,86,147,233,1510,1104,2614,2847
1345,135,116,251,878,350,1228,1479
1346,46,42,88,42,27,69,157
1347,44,28,72,303,149,452,524
1348,120,75,195,829,409,1238,1433
1349,118,73,191,809,398,1207,1398
1350,25,16,41,175,86,261,302
1351,762,752,1514,3443,1435,4878,6392
1352,706,697,1403,3134,1307,4441,5844
1353,464,458,922,2083,869,2952,3874
1354,324,319,643,1444,602,2046,2689
1355,374,369,743,1673,697,2370,3113
1356,1981,1873,3854,2858,2040,4898,8752
1357,1514,1432,2946,2275,1623,3898,6844
1358,936,886,1822,1201,857,2058,3880
1359,1971,1863,3834,2523,1801,4324,8158
1360,0,0,0,0,0,0,0
1361,1122,1061,2183,1603,1144,2747,4930
1362,36,32,68,135,57,192,260
1363,111,105,216,182,130,312,528
1364,1519,1301,2820,7423,3107,10530,13350
1365,149,127,276,720,301,1021,1297
1366,0,0,0,8,0,8,8
1367,36,32,68,55,0,55,123
1368,213,186,399,128,0,128,527
1369,3531,3174,6705,437,250,687,7392
1370,2522,2268,4790,258,148,406,5196
1371,4466,4015,8481,537,308,845,9326
1372,4635,4431,9066,329,385,714,9780
1373,1394,1343,2737,116,75,191,2928
1374,324,313,637,263,171,434,1071
1375,390,375,765,109,70,179,944
1376,667,642,1309,87,56,143,1452
1377,804,774,1578,101,66,167,1745
1378,3018,2714,5732,1015,582,1597,7329
1379,139,125,264,105,61,166,430
1380,5054,4544,9598,700,401,1101,10699
1381,2537,2282,4819,289,165,454,5273
1382,5296,4761,10057,803,461,1264,11321
1383,2261,2033,4294,232,133,365,4659
1384,2019,1815,3834,261,150,411,4245
1385,1432,1287,2719,165,94,259,2978
1386,824,741,1565,88,51,139,1704
1387,2452,2361,4813,993,644,1637,6450
1388,1379,1329,2708,662,430,1092,3800
1389,1856,1775,3631,108,126,234,3865
1390,1735,1659,3394,106,123,229,3623
1391,3931,3758,7689,223,262,485,8174
1392,1598,1528,3126,99,115,214,3340
1393,2117,2024,4141,163,190,353,4494
1394,1337,1383,2720,244,669,913,3633
1395,723,747,1470,109,299,408,1878
1396,642,665,1307,64,176,240,1547
1397,0,0,0,0,0,0,0
1398,0,0,0,0,0,0,0
1399,5299,5480,10779,569,1558,2127,12906
1400,644,577,1221,373,235,608,1829
1401,119,106,225,317,199,516,741
1402,0,0,0,0,0,0,0
1403,1692,1649,3341,1835,1735,3570,6911
1404,155,152,307,232,220,452,759
1405,4,3,7,15,14,29,36
1406,1,0,1,3,3,6,7
1407,1795,1829,3624,4798,3493,8291,11915
1408,589,599,1188,1028,748,1776,2964
1409,529,538,1067,935,680,1615,2682
1410,1238,963,2201,725,751,1476,3677
1411,17802,15464,33266,4000,6612,10612,43878
1412,8,7,15,0,2,2,17
1413,0,0,0,0,0,0,0
1414,0,0,0,0,0,0,0
1415,1458,1137,2595,297,148,445,3040
1416,1028,801,1829,123,61,184,2013
1417,69,53,122,3,2,5,127
1418,1075,838,1913,145,73,218,2131
1419,2010,1678,3688,851,1506,2357,6045
1420,363,303,666,201,356,557,1223
1421,1591,1636,3227,311,190,501,3728
1422,495,508,1003,134,82,216,1219
1423,3260,2556,5816,871,822,1693,7509
1424,2533,1986,4519,730,688,1418,5937
1425,1217,954,2171,214,202,416,2587
1426,1350,1059,2409,422,399,821,3230
1427,834,654,1488,156,147,303,1791
1428,1928,1512,3440,223,210,433,3873
1429,2468,1936,4404,331,313,644,5048
1430,4409,3458,7867,1239,1168,2407,10274
1431,4069,3191,7260,954,900,1854,9114
1432,101,80,181,26,25,51,232
1433,966,758,1724,359,338,697,2421
1434,1697,1331,3028,404,382,786,3814
1435,0,0,0,17,0,17,17
1436,17,0,17,548,0,548,565
1437,2,0,2,62,0,62,64
1438,476,371,847,98,49,147,994
1439,353,275,628,53,26,79,707
1440,524,408,932,97,49,146,1078
1441,0,0,0,0,0,0,0
1442,0,0,0,0,0,0,0
1443,0,0,0,0,0,0,0
1444,23,22,45,1,1,2,47
1445,3,2,5,1,2,3,8
1446,118,112,230,19,28,47,277
1447,238,224,462,6,10,16,478
1448,35,36,71,44,27,71,142
1449,1143,1175,2318,349,213,562,2880
1450,677,696,1373,294,180,474,1847
1451,957,747,1704,144,72,216,1920
1452,141,155,296,77,52,129,425
1453,506,554,1060,43,29,72,1132
1454,129,117,246,2,17,19,265
1455,3627,3284,6911,41,368,409,7320
1456,75,94,169,30,9,39,208
1457,0,0,0,0,0,0,0
1458,2690,2788,5478,646,646,1292,6770
1459,1919,1988,3907,673,673,1346,5253
1460,1420,1388,2808,358,493,851,3659
1461,4083,3989,8072,2299,3170,5469,13541
1462,2335,2281,4616,863,1190,2053,6669
1463,2021,1974,3995,786,1085,1871,5866
1464,3309,3233,6542,1598,2203,3801,10343
1465,59,54,113,552,329,881,994
1466,1,1,2,11,7,18,20
1467,2,1,3,19,11,30,33
1468,162,148,310,1574,939,2513,2823
1469,119,109,228,881,526,1407,1635
1470,157,142,299,1142,681,1823,2122
1471,859,770,1629,623,2631,3254,4883
1472,15,0,15,1258,24,1282,1297
1473,2,0,2,189,4,193,195
1474,4,0,4,336,6,342,346
1475,3,0,3,359,0,359,362
1476,1235,957,2192,3949,950,4899,7091
1477,1015,800,1815,4531,1623,6154,7969
1478,2147,1691,3838,9682,3469,13151,16989
1479,638,503,1141,2692,964,3656,4797
1480,1106,924,2030,372,659,1031,3061
1481,200,181,381,1061,633,1694,2075
1482,33,20,53,196,96,292,345
1483,0,0,0,0,0,0,0
1484,986,845,1831,4855,2033,6888,8719
1485,103,87,190,503,211,714,904
1486,3123,2449,5572,276,261,537,6109
1487,4345,3895,8240,559,435,994,9234
1488,387,346,733,17,14,31,764
1489,0,0,0,0,0,0,0
1490,1408,1098,2506,70,35,105,2611
1491,0,0,0,0,0,0,0
1492,0,0,0,0,0,0,0
,,,,,,,
,,,,,,,
,,,,,,,
,,,,,,,
,,,,,,,
