FROM-ID,TO-ID,DISTANCE
4f3381cae4b0befff0254890,4d90bb7ffa9437048ca338c6,0.050110864
4f3381cae4b0befff0254890,50e4021b582f294b85631919,0.083780686
4f3381cae4b0befff0254890,4e341a00e4cdf7a42cad9421,0.046179386
4f3381cae4b0befff0254890,50433012e4b05698baa75339,0.0570122
4f3381cae4b0befff0254890,4f8f03f5e4b09b4d92853b2c,0.029747491
4dd6ae1afa76ad96d111ee3f,4bb60acd46d4a5932198c5c0,0.103810312
4dd6ae1afa76ad96d111ee3f,4c72bb9a4bc4236ae30ccc7a,0.072772525
4dd6ae1afa76ad96d111ee3f,4bacf76cf964a5201c1f3be3,0.211675705
4dd6ae1afa76ad96d111ee3f,50295233e4b0db2acbb75c69,0.121545501
4dd6ae1afa76ad96d111ee3f,523b3ba2498e256cb4ca2b15,0.079895453
4bb60acd46d4a5932198c5c0,5229eb2411d2b271a1f9125c,0.011649949
4bb60acd46d4a5932198c5c0,4dd6ae1afa76ad96d111ee3f,0.103810312
4bb60acd46d4a5932198c5c0,4c72bb9a4bc4236ae30ccc7a,0.141852321
4bb60acd46d4a5932198c5c0,4bacf76cf964a5201c1f3be3,0.184510487
4bb60acd46d4a5932198c5c0,51a25374498e8382043bd79f,0.104500686
4d90bb7ffa9437048ca338c6,4da5ec8a4b2280544b678da0,0.050110864
4d90bb7ffa9437048ca338c6,50433012e4b05698baa75339,0.012042822
4d90bb7ffa9437048ca338c6,50e4021b582f294b85631919,0.036495923
4d90bb7ffa9437048ca338c6,50e1f196e4b0748c84074466,0.037559535
50e4021b582f294b85631919,4da5ec8a4b2280544b678da0,0.083780686
4e341a00e4cdf7a42cad9421,4da5ec8a4b2280544b678da0,0.046179386
50433012e4b05698baa75339,4da5ec8a4b2280544b678da0,0.0570122
4c72bb9a4bc4236ae30ccc7a,4dd6ae1afa76ad96d111ee3f,0.072772525
4c72bb9a4bc4236ae30ccc7a,4bb60acd46d4a5932198c5c0,0.141852321
4c72bb9a4bc4236ae30ccc7a,4bacf76cf964a5201c1f3be3,0.282880647
4c72bb9a4bc4236ae30ccc7a,5229eb2411d2b271a1f9125c,0.130370706
4c72bb9a4bc4236ae30ccc7a,5318e95f498eaff004e39f6c,0.089612801
4bacf76cf964a5201c1f3be3,4bb60acd46d4a5932198c5c0,0.184510487
4bacf76cf964a5201c1f3be3,4dd6ae1afa76ad96d111ee3f,0.211675705
4bacf76cf964a5201c1f3be3,4b4838e9f964a520544a26e3,2.061544262
4bacf76cf964a5201c1f3be3,4dff6b25ae605b47b1757f8b,0.327625073
4bacf76cf964a5201c1f3be3,50295233e4b0db2acbb75c69,0.102685194
50295233e4b0db2acbb75c69,4bb60acd46d4a5932198c5c0,0.142938452
50295233e4b0db2acbb75c69,4dd6ae1afa76ad96d111ee3f,0.121545501
50295233e4b0db2acbb75c69,4bacf76cf964a5201c1f3be3,0.102685194
50295233e4b0db2acbb75c69,4c72bb9a4bc4236ae30ccc7a,0.194215569
50295233e4b0db2acbb75c69,4f1d62b0e4b03543a3409cd2,0.12997433
523b3ba2498e256cb4ca2b15,4bb60acd46d4a5932198c5c0,0.128416248
523b3ba2498e256cb4ca2b15,5229eb2411d2b271a1f9125c,0.116766843
523b3ba2498e256cb4ca2b15,51a25374498e8382043bd79f,0.169957502
523b3ba2498e256cb4ca2b15,4dd6ae1afa76ad96d111ee3f,0.079895453
523b3ba2498e256cb4ca2b15,5318e95f498eaff004e39f6c,0.06871845
5229eb2411d2b271a1f9125c,4bb60acd46d4a5932198c5c0,0.011649949
5229eb2411d2b271a1f9125c,4dd6ae1afa76ad96d111ee3f,0.095034906
5229eb2411d2b271a1f9125c,5318e95f498eaff004e39f6c,0.060881923
5229eb2411d2b271a1f9125c,523b3ba2498e256cb4ca2b15,0.116766843
5229eb2411d2b271a1f9125c,4c72bb9a4bc4236ae30ccc7a,0.130370706
51a25374498e8382043bd79f,4bb60acd46d4a5932198c5c0,0.104500686
51a25374498e8382043bd79f,4dff6b25ae605b47b1757f8b,0.347018317
51a25374498e8382043bd79f,4dd6ae1afa76ad96d111ee3f,0.189994544
51a25374498e8382043bd79f,4efc1ec90aafc58694a91ac1,0.094387159
51a25374498e8382043bd79f,4bacf76cf964a5201c1f3be3,0.271693602
4da5ec8a4b2280544b678da0,4d90bb7ffa9437048ca338c6,0.050110864
4da5ec8a4b2280544b678da0,50e4021b582f294b85631919,0.083780686
4da5ec8a4b2280544b678da0,4e341a00e4cdf7a42cad9421,0.046179386
4da5ec8a4b2280544b678da0,50433012e4b05698baa75339,0.0570122
4da5ec8a4b2280544b678da0,4f8f03f5e4b09b4d92853b2c,0.029747491
5318e95f498eaff004e39f6c,4bb60acd46d4a5932198c5c0,0.071469482
5318e95f498eaff004e39f6c,5229eb2411d2b271a1f9125c,0.060881923
5318e95f498eaff004e39f6c,523b3ba2498e256cb4ca2b15,0.06871845
5318e95f498eaff004e39f6c,533687b3498ec0c5b90ff33b,0.030966393
5318e95f498eaff004e39f6c,51a25374498e8382043bd79f,0.104483387
4b4838e9f964a520544a26e3,4bb60acd46d4a5932198c5c0,1.899706532
4b4838e9f964a520544a26e3,52b497b2498efb2cad2d6b2b,0.012585475
4b4838e9f964a520544a26e3,4bc6d588f360ef3b943fdc2d,2.455787277
4b4838e9f964a520544a26e3,4ca4f46cf47ea143d6cb5221,0.036022301
4b4838e9f964a520544a26e3,4f1f064de4b03ae365da6061,0.09732262
4dff6b25ae605b47b1757f8b,4bc6d588f360ef3b943fdc2d,1.131046288
4dff6b25ae605b47b1757f8b,4bb60acd46d4a5932198c5c0,0.361253799
4dff6b25ae605b47b1757f8b,4b7707bff964a52018762ee3,2.064040454
4dff6b25ae605b47b1757f8b,4eb81e4661af0dda917c47ae,0.125691054
4dff6b25ae605b47b1757f8b,4c1fc287b306c928e2ed68b7,0.927658584
4f1d62b0e4b03543a3409cd2,4dd6ae1afa76ad96d111ee3f,0.080695074
4f1d62b0e4b03543a3409cd2,4bb60acd46d4a5932198c5c0,0.023199202
4f1d62b0e4b03543a3409cd2,4bacf76cf964a5201c1f3be3,0.184221682
4f1d62b0e4b03543a3409cd2,4fcf729ae4b07997d3141487,0.01733846
4f1d62b0e4b03543a3409cd2,4c72bb9a4bc4236ae30ccc7a,0.123282239
4efc1ec90aafc58694a91ac1,4bb60acd46d4a5932198c5c0,0.120580997
4efc1ec90aafc58694a91ac1,51a25374498e8382043bd79f,0.094387159
4efc1ec90aafc58694a91ac1,4d3c618eaf8ca1432c3d01f7,1.839656852
4efc1ec90aafc58694a91ac1,4bacf76cf964a5201c1f3be3,0.219513141
4efc1ec90aafc58694a91ac1,4d4c01cfe4fd6ea8f7e8be61,0.021938131
533687b3498ec0c5b90ff33b,5229eb2411d2b271a1f9125c,0.090378847
533687b3498ec0c5b90ff33b,4bb60acd46d4a5932198c5c0,0.100234555
533687b3498ec0c5b90ff33b,4dd6ae1afa76ad96d111ee3f,0.116145168
52b497b2498efb2cad2d6b2b,4b4838e9f964a520544a26e3,0.012585475
52b497b2498efb2cad2d6b2b,4d3c618eaf8ca1432c3d01f7,0.743660989
52b497b2498efb2cad2d6b2b,507c6210e4b076bc192f1072,0.514298397
52b497b2498efb2cad2d6b2b,4f1f064de4b03ae365da6061,0.101722853
52b497b2498efb2cad2d6b2b,54441e14498ec84e43188646,0.037987768
4bc6d588f360ef3b943fdc2d,4db599fc81543d71da5b8e83,0.085983006
4bc6d588f360ef3b943fdc2d,4b72f63cf964a52060922de3,0.041617091
4bc6d588f360ef3b943fdc2d,4cab502436fa6dcbd0e5d778,0.095681498
4bc6d588f360ef3b943fdc2d,4c4c19985609c9b6dbac0992,0.069833562
4bc6d588f360ef3b943fdc2d,4c03ff16310fc9b6b1a8c661,0.810497365
4ca4f46cf47ea143d6cb5221,4b4838e9f964a520544a26e3,0.036022301
4ca4f46cf47ea143d6cb5221,4d81f4bbbede5481ecef07d1,0.042958403
4ca4f46cf47ea143d6cb5221,4f1f064de4b03ae365da6061,0.085643701
4ca4f46cf47ea143d6cb5221,4d3c618eaf8ca1432c3d01f7,0.722573171
4ca4f46cf47ea143d6cb5221,4cbf544f020d468852c26138,0.044450623
4f1f064de4b03ae365da6061,4d3c618eaf8ca1432c3d01f7,0.642465462
4f1f064de4b03ae365da6061,4b4838e9f964a520544a26e3,0.09732262
4f1f064de4b03ae365da6061,4d81f4bbbede5481ecef07d1,0.064328069
4f1f064de4b03ae365da6061,4be70e16cf200f47b634153c,0.17500307
4f1f064de4b03ae365da6061,4ca4f46cf47ea143d6cb5221,0.085643701
4b7707bff964a52018762ee3,4bc6d588f360ef3b943fdc2d,1.858892386
4b7707bff964a52018762ee3,4d0f3e8459606dcbac676d3e,0.138104391
4b7707bff964a52018762ee3,4bb0ff8ef964a52077713ce3,0.168517329
4b7707bff964a52018762ee3,4de02b6645dd3eae8767be63,2.70042262
4b7707bff964a52018762ee3,52c11e7a11d21c6e7f7c0e7b,0.073236196
4eb81e4661af0dda917c47ae,4dff6b25ae605b47b1757f8b,0.125691054
4eb81e4661af0dda917c47ae,4bb60acd46d4a5932198c5c0,0.281445363
4eb81e4661af0dda917c47ae,4ba8dc8ff964a52005f539e3,0.354354133
4eb81e4661af0dda917c47ae,4bc6d588f360ef3b943fdc2d,1.23772227
4eb81e4661af0dda917c47ae,4e046aacd4c068446619f34a,0.284073361
4c1fc287b306c928e2ed68b7,4b7c4529f964a5209f882fe3,0.038312687
4c1fc287b306c928e2ed68b7,4c3f278f51dee21ed792eb6e,0.032735146
4c1fc287b306c928e2ed68b7,51ac6c98498e44427112f9bf,0.143202546
4c1fc287b306c928e2ed68b7,4bc6d588f360ef3b943fdc2d,0.755434061
4c1fc287b306c928e2ed68b7,4d3c618eaf8ca1432c3d01f7,2.126413837
4fcf729ae4b07997d3141487,4bacf76cf964a5201c1f3be3,0.199078886
4fcf729ae4b07997d3141487,4dd6ae1afa76ad96d111ee3f,0.089156981
4fcf729ae4b07997d3141487,4f1d62b0e4b03543a3409cd2,0.01733846
4fcf729ae4b07997d3141487,4bb60acd46d4a5932198c5c0,0.02104043
4d3c618eaf8ca1432c3d01f7,4bc6d588f360ef3b943fdc2d,2.819434015
4d3c618eaf8ca1432c3d01f7,4bb60acd46d4a5932198c5c0,1.850018767
4d3c618eaf8ca1432c3d01f7,4d7bb3f9136bf04d87f4508d,2.825564464
4d3c618eaf8ca1432c3d01f7,4c03ff16310fc9b6b1a8c661,3.509476331
4d3c618eaf8ca1432c3d01f7,51b71123498e9e19f9763314,10.50169322
4d4c01cfe4fd6ea8f7e8be61,4bb60acd46d4a5932198c5c0,0.109337197
4d4c01cfe4fd6ea8f7e8be61,4c601b8490b2c9b6d7013c22,0.058322991
4d4c01cfe4fd6ea8f7e8be61,51a25374498e8382043bd79f,0.072466934
4d4c01cfe4fd6ea8f7e8be61,5229eb2411d2b271a1f9125c,0.11747424
4d4c01cfe4fd6ea8f7e8be61,504c55e7e4b04421f3310d34,0.798931502
507c6210e4b076bc192f1072,51b71123498e9e19f9763314,10.66607501
507c6210e4b076bc192f1072,4d3c618eaf8ca1432c3d01f7,0.238951173
507c6210e4b076bc192f1072,52b497b2498efb2cad2d6b2b,0.514298397
507c6210e4b076bc192f1072,4d7bb3f9136bf04d87f4508d,2.827251678
507c6210e4b076bc192f1072,4b9151a4f964a520bab233e3,3.163867035
54441e14498ec84e43188646,4b4838e9f964a520544a26e3,0.040334812
54441e14498ec84e43188646,4d3c618eaf8ca1432c3d01f7,0.780090714
4db599fc81543d71da5b8e83,4cab502436fa6dcbd0e5d778,0.012148935
4db599fc81543d71da5b8e83,4bc6d588f360ef3b943fdc2d,0.085983006
4db599fc81543d71da5b8e83,4b72f63cf964a52060922de3,0.069947722
4db599fc81543d71da5b8e83,4b7707bff964a52018762ee3,1.775767488
4db599fc81543d71da5b8e83,4c03ff16310fc9b6b1a8c661,0.804996719
4b72f63cf964a52060922de3,4cab502436fa6dcbd0e5d778,0.075331615
4b72f63cf964a52060922de3,4bc6d588f360ef3b943fdc2d,0.041617091
4b72f63cf964a52060922de3,4db599fc81543d71da5b8e83,0.069947722
4b72f63cf964a52060922de3,4b7707bff964a52018762ee3,1.826864987
4b72f63cf964a52060922de3,4c03ff16310fc9b6b1a8c661,0.841430783
4cab502436fa6dcbd0e5d778,4db599fc81543d71da5b8e83,0.012148935
4cab502436fa6dcbd0e5d778,4bc6d588f360ef3b943fdc2d,0.095681498
4cab502436fa6dcbd0e5d778,4b72f63cf964a52060922de3,0.075331615
4cab502436fa6dcbd0e5d778,4b7707bff964a52018762ee3,1.764696763
4cab502436fa6dcbd0e5d778,4c4c19985609c9b6dbac0992,0.066359255
4c4c19985609c9b6dbac0992,4cab502436fa6dcbd0e5d778,0.066359255
4c4c19985609c9b6dbac0992,4bc6d588f360ef3b943fdc2d,0.069833562
4c4c19985609c9b6dbac0992,4b72f63cf964a52060922de3,0.028639694
4c4c19985609c9b6dbac0992,4c03ff16310fc9b6b1a8c661,0.858642179
4c4c19985609c9b6dbac0992,50c6cf08e4b0480110816f92,0.239109073
4c03ff16310fc9b6b1a8c661,4bc6d588f360ef3b943fdc2d,0.810497365
4c03ff16310fc9b6b1a8c661,4e595f62b61c4aaa3dfd1dee,0.044861568
4c03ff16310fc9b6b1a8c661,4b7707bff964a52018762ee3,2.125903243
4c03ff16310fc9b6b1a8c661,4dff6b25ae605b47b1757f8b,1.941424873
4c03ff16310fc9b6b1a8c661,4b503b59f964a520dc1e27e3,0.085086543
4d81f4bbbede5481ecef07d1,4f1f064de4b03ae365da6061,0.064328069
4d81f4bbbede5481ecef07d1,4b4838e9f964a520544a26e3,0.075263679
4d81f4bbbede5481ecef07d1,4bc6d588f360ef3b943fdc2d,2.523118498
4d81f4bbbede5481ecef07d1,4be70e16cf200f47b634153c,0.141661543
4d81f4bbbede5481ecef07d1,4ca4f46cf47ea143d6cb5221,0.042958403
4cbf544f020d468852c26138,4d3c618eaf8ca1432c3d01f7,0.706262917
4cbf544f020d468852c26138,4f1f064de4b03ae365da6061,0.064435526
4be70e16cf200f47b634153c,4b4838e9f964a520544a26e3,0.077742306
4be70e16cf200f47b634153c,4f1f064de4b03ae365da6061,0.17500307
4be70e16cf200f47b634153c,4c8180efd4e2370458a35e88,0.100872829
4be70e16cf200f47b634153c,4ca4f46cf47ea143d6cb5221,0.099095372
4be70e16cf200f47b634153c,4d2146a4d7b0b1f77cf71b9f,0.154500122
4d0f3e8459606dcbac676d3e,4b7707bff964a52018762ee3,0.138104391
4d0f3e8459606dcbac676d3e,4bc6d588f360ef3b943fdc2d,1.952393693
4d0f3e8459606dcbac676d3e,4f128e66e4b0044a2469424f,0.150331625
4d0f3e8459606dcbac676d3e,4ef4d138e5fa4c35061424bd,0.117040448
4d0f3e8459606dcbac676d3e,50b08d04e4b045752b6cda32,0.1104547
4bb0ff8ef964a52077713ce3,4b7707bff964a52018762ee3,0.168517329
4bb0ff8ef964a52077713ce3,50b08d04e4b045752b6cda32,0.119776149
4bb0ff8ef964a52077713ce3,4bc6d588f360ef3b943fdc2d,2.011416618
4bb0ff8ef964a52077713ce3,4cb1f3b2aef16dcb967dbd54,0.211294606
4bb0ff8ef964a52077713ce3,4c03ff16310fc9b6b1a8c661,2.241246008
4de02b6645dd3eae8767be63,4c991410db10b60cd70b876d,0.15907061
4de02b6645dd3eae8767be63,50b45217e4b03acff4f2bacd,0.083402479
4de02b6645dd3eae8767be63,4b7707bff964a52018762ee3,2.70042262
4de02b6645dd3eae8767be63,4bc6d588f360ef3b943fdc2d,0.864286032
4de02b6645dd3eae8767be63,4c305a1aa0ced13a6910126e,0.10464426
52c11e7a11d21c6e7f7c0e7b,4b7707bff964a52018762ee3,0.073236196
52c11e7a11d21c6e7f7c0e7b,541ff49b498e451a8f1a7164,0.00697953
52c11e7a11d21c6e7f7c0e7b,4ef4d138e5fa4c35061424bd,0.039160257
52c11e7a11d21c6e7f7c0e7b,4bc6d588f360ef3b943fdc2d,1.833951827
4ba8dc8ff964a52005f539e3,4bb60acd46d4a5932198c5c0,0.51412471
4ba8dc8ff964a52005f539e3,557ddf60498edc5a04f7784a,0.027002003
4ba8dc8ff964a52005f539e3,4dff6b25ae605b47b1757f8b,0.448962273
4ba8dc8ff964a52005f539e3,4b744910f964a52093d22de3,0.975943809
4ba8dc8ff964a52005f539e3,4db96e3c6e818f67a9be43d6,0.084284579
4e046aacd4c068446619f34a,4db96e3c6e818f67a9be43d6,0.024083244
4e046aacd4c068446619f34a,4bb60acd46d4a5932198c5c0,0.434440542
4e046aacd4c068446619f34a,4dff6b25ae605b47b1757f8b,0.388327647
4e046aacd4c068446619f34a,4ba8dc8ff964a52005f539e3,0.080203267
4e046aacd4c068446619f34a,4c1fc287b306c928e2ed68b7,0.917960954
4b7c4529f964a5209f882fe3,4c1fc287b306c928e2ed68b7,0.038312687
4b7c4529f964a5209f882fe3,4b8e8804f964a520332733e3,0.262315087
4c3f278f51dee21ed792eb6e,4c1fc287b306c928e2ed68b7,0.032735146
4d7bb3f9136bf04d87f4508d,4dff6b25ae605b47b1757f8b,0.842309422
4d7bb3f9136bf04d87f4508d,4d3c618eaf8ca1432c3d01f7,2.825564464
4d7bb3f9136bf04d87f4508d,53944553498ecef1831affe3,0.264514716
4d7bb3f9136bf04d87f4508d,4bc6d588f360ef3b943fdc2d,1.061263765
4d7bb3f9136bf04d87f4508d,51b71123498e9e19f9763314,8.735852888
51b71123498e9e19f9763314,52d4415811d2fbc982d118fd,0.04772693
51b71123498e9e19f9763314,52a8ca2b11d2eaf4ed89d882,0.031650852
51b71123498e9e19f9763314,525af5a711d20ca02017c90a,0.048827678
51b71123498e9e19f9763314,51fd7fc8498ebd46bbe9ec4a,0.031765585
51b71123498e9e19f9763314,51100922e4b0873bd55a05c5,0.068765338
4c601b8490b2c9b6d7013c22,4bb60acd46d4a5932198c5c0,0.115199586
4c601b8490b2c9b6d7013c22,4efc1ec90aafc58694a91ac1,0.042397026
4c601b8490b2c9b6d7013c22,4bacf76cf964a5201c1f3be3,0.178981821
4c601b8490b2c9b6d7013c22,4d4c01cfe4fd6ea8f7e8be61,0.058322991
4c601b8490b2c9b6d7013c22,4dd6ae1afa76ad96d111ee3f,0.215322117
504c55e7e4b04421f3310d34,4bb60acd46d4a5932198c5c0,0.887908772
504c55e7e4b04421f3310d34,4b7707bff964a52018762ee3,1.982503097
504c55e7e4b04421f3310d34,4bc6d588f360ef3b943fdc2d,0.619969595
504c55e7e4b04421f3310d34,4dff6b25ae605b47b1757f8b,0.526727519
504c55e7e4b04421f3310d34,4c1fc287b306c928e2ed68b7,0.550545338
4b9151a4f964a520bab233e3,4bc6d588f360ef3b943fdc2d,0.828018205
4b9151a4f964a520bab233e3,53495b96498e2db72f1394ed,0.051759586
4b9151a4f964a520bab233e3,4b7707bff964a52018762ee3,1.046351219
4b9151a4f964a520bab233e3,4c03ff16310fc9b6b1a8c661,1.309066186
4b9151a4f964a520bab233e3,50c6cf08e4b0480110816f92,0.942391318
50c6cf08e4b0480110816f92,4bc6d588f360ef3b943fdc2d,0.175152519
50c6cf08e4b0480110816f92,4f1a96f2e4b08fa663deae89,0.098511948
50c6cf08e4b0480110816f92,4b7707bff964a52018762ee3,1.947360632
50c6cf08e4b0480110816f92,4de02b6645dd3eae8767be63,0.845097323
50c6cf08e4b0480110816f92,4bb60acd46d4a5932198c5c0,1.655279016
4e595f62b61c4aaa3dfd1dee,4bc6d588f360ef3b943fdc2d,0.765702399
4e595f62b61c4aaa3dfd1dee,4c03ff16310fc9b6b1a8c661,0.044861568
4e595f62b61c4aaa3dfd1dee,4b7707bff964a52018762ee3,2.101810893
4e595f62b61c4aaa3dfd1dee,4b503b59f964a520dc1e27e3,0.099194646
4e595f62b61c4aaa3dfd1dee,4bb60acd46d4a5932198c5c0,2.254697116
4b503b59f964a520dc1e27e3,4b503bb4f964a520e21e27e3,0.025789236
4b503b59f964a520dc1e27e3,4bb23efc14cfd13a6dad14ab,0.07049421
4b503b59f964a520dc1e27e3,4b65bb89f964a52059fc2ae3,0.097334667
4b503b59f964a520dc1e27e3,4bc6d588f360ef3b943fdc2d,0.816982659
4b503b59f964a520dc1e27e3,4c03ff16310fc9b6b1a8c661,0.085086543
4c8180efd4e2370458a35e88,4b4838e9f964a520544a26e3,0.166282855
4c8180efd4e2370458a35e88,4be70e16cf200f47b634153c,0.100872829
4c8180efd4e2370458a35e88,4d3c618eaf8ca1432c3d01f7,0.89697744
4c8180efd4e2370458a35e88,4d81f4bbbede5481ecef07d1,0.238442698
4c8180efd4e2370458a35e88,4cbf544f020d468852c26138,0.195148363
4d2146a4d7b0b1f77cf71b9f,4f1f064de4b03ae365da6061,0.020502974
4d2146a4d7b0b1f77cf71b9f,4d81f4bbbede5481ecef07d1,0.05323245
4d2146a4d7b0b1f77cf71b9f,4b4838e9f964a520544a26e3,0.076827934
4d2146a4d7b0b1f77cf71b9f,4be70e16cf200f47b634153c,0.154500122
4f128e66e4b0044a2469424f,4ef4d138e5fa4c35061424bd,0.06355345
4f128e66e4b0044a2469424f,4d0f3e8459606dcbac676d3e,0.150331625
4f128e66e4b0044a2469424f,4b7707bff964a52018762ee3,0.091826378
4ef4d138e5fa4c35061424bd,4b7707bff964a52018762ee3,0.036150366
4ef4d138e5fa4c35061424bd,4faa3bfbe4b0dc75ba1f75f0,0.099793717
4ef4d138e5fa4c35061424bd,50b08d04e4b045752b6cda32,0.073298765
4ef4d138e5fa4c35061424bd,4dc56d65e4cd169dc64be1b0,0.094401519
4ef4d138e5fa4c35061424bd,4ff80f35e4b058e1656d0444,0.093165631
50b08d04e4b045752b6cda32,4b7707bff964a52018762ee3,0.058663185
50b08d04e4b045752b6cda32,4bb0ff8ef964a52077713ce3,0.119776149
50b08d04e4b045752b6cda32,4bc6d588f360ef3b943fdc2d,1.917535269
50b08d04e4b045752b6cda32,4de02b6645dd3eae8767be63,2.758708597
50b08d04e4b045752b6cda32,4ef4d138e5fa4c35061424bd,0.073298765
4cb1f3b2aef16dcb967dbd54,4b7707bff964a52018762ee3,0.164406825
4cb1f3b2aef16dcb967dbd54,4c03ff16310fc9b6b1a8c661,2.26931586
4cb1f3b2aef16dcb967dbd54,4e5bcac318388cd5cbc1a9c5,0.156788705
4cb1f3b2aef16dcb967dbd54,4bc6d588f360ef3b943fdc2d,1.963243518
4cb1f3b2aef16dcb967dbd54,4bb0ff8ef964a52077713ce3,0.211294606
4c991410db10b60cd70b876d,5356a705498e70d06fc1a884,0.01152052
4c991410db10b60cd70b876d,4de02b6645dd3eae8767be63,0.15907061
4c991410db10b60cd70b876d,4bc6d588f360ef3b943fdc2d,0.890647899
4c991410db10b60cd70b876d,4b7707bff964a52018762ee3,2.68701268
4c991410db10b60cd70b876d,50b45217e4b03acff4f2bacd,0.237518977
50b45217e4b03acff4f2bacd,4de02b6645dd3eae8767be63,0.083402479
50b45217e4b03acff4f2bacd,4b8e8804f964a520332733e3,0.191321667
50b45217e4b03acff4f2bacd,4bc6d588f360ef3b943fdc2d,0.896337206
50b45217e4b03acff4f2bacd,4c03ff16310fc9b6b1a8c661,1.241069583
50b45217e4b03acff4f2bacd,4dff6b25ae605b47b1757f8b,1.387720305
4c305a1aa0ced13a6910126e,4b8e8804f964a520332733e3,0.175122913
4c305a1aa0ced13a6910126e,4de02b6645dd3eae8767be63,0.10464426
4c305a1aa0ced13a6910126e,4bc2c6b374a9a593fbbcd3f6,0.134808149
4c305a1aa0ced13a6910126e,4d64bf0bb470a14331741dfe,0.007681463
4c305a1aa0ced13a6910126e,4c991410db10b60cd70b876d,0.26104397
541ff49b498e451a8f1a7164,4b7707bff964a52018762ee3,0.078465527
541ff49b498e451a8f1a7164,4bc6d588f360ef3b943fdc2d,1.836847713
541ff49b498e451a8f1a7164,50b08d04e4b045752b6cda32,0.112237325
557ddf60498edc5a04f7784a,54b01117498e18b8bcee3f74,0.052289143
557ddf60498edc5a04f7784a,4ba8dc8ff964a52005f539e3,0.027002003
557ddf60498edc5a04f7784a,4b4838e9f964a520544a26e3,1.47909147
4b744910f964a52093d22de3,4ba8dc8ff964a52005f539e3,0.975943809
4b744910f964a52093d22de3,4bb60acd46d4a5932198c5c0,1.451315397
4b744910f964a52093d22de3,4b7707bff964a52018762ee3,3.442449162
4b744910f964a52093d22de3,4f1f064de4b03ae365da6061,0.537801942
4b744910f964a52093d22de3,508ed42fe4b0c36e94d12fde,0.034510183
4db96e3c6e818f67a9be43d6,4ba8dc8ff964a52005f539e3,0.084284579
4db96e3c6e818f67a9be43d6,4e046aacd4c068446619f34a,0.024083244
4b8e8804f964a520332733e3,4be80229ee96c9280e86fdbf,0.020043077
4b8e8804f964a520332733e3,4de02b6645dd3eae8767be63,0.11657385
4b8e8804f964a520332733e3,4b82e734f964a52022ec30e3,0.004915049
4b8e8804f964a520332733e3,4b7707bff964a52018762ee3,2.594982262
4b8e8804f964a520332733e3,4c305a1aa0ced13a6910126e,0.175122913
53944553498ecef1831affe3,4b7707bff964a52018762ee3,1.142748113
53944553498ecef1831affe3,52b497b2498efb2cad2d6b2b,2.806646462
53944553498ecef1831affe3,4bb60acd46d4a5932198c5c0,1.212915009
53944553498ecef1831affe3,52e1bae911d2f8cd8845d3b4,1.08265659
53944553498ecef1831affe3,4c1fc287b306c928e2ed68b7,1.354854967
52d4415811d2fbc982d118fd,52a8ca2b11d2eaf4ed89d882,0.019858276
52d4415811d2fbc982d118fd,525af5a711d20ca02017c90a,0.009659584
52d4415811d2fbc982d118fd,51b71123498e9e19f9763314,0.04772693
52d4415811d2fbc982d118fd,521659d211d2f12183364adf,0.013593991
52d4415811d2fbc982d118fd,51fd7fc8498ebd46bbe9ec4a,0.075074356
52a8ca2b11d2eaf4ed89d882,525af5a711d20ca02017c90a,0.017637944
52a8ca2b11d2eaf4ed89d882,52d4415811d2fbc982d118fd,0.019858276
52a8ca2b11d2eaf4ed89d882,51b71123498e9e19f9763314,0.031650852
52a8ca2b11d2eaf4ed89d882,51100922e4b0873bd55a05c5,0.042991549
52a8ca2b11d2eaf4ed89d882,522b709511d203fd862ad7aa,0.030198179
525af5a711d20ca02017c90a,52a8ca2b11d2eaf4ed89d882,0.017637944
525af5a711d20ca02017c90a,51b71123498e9e19f9763314,0.048827678
525af5a711d20ca02017c90a,51fd7fc8498ebd46bbe9ec4a,0.073220077
525af5a711d20ca02017c90a,52d4415811d2fbc982d118fd,0.009659584
525af5a711d20ca02017c90a,5380ed0c498eaf0c7902f1d3,0.014769762
51fd7fc8498ebd46bbe9ec4a,525af5a711d20ca02017c90a,0.073220077
51fd7fc8498ebd46bbe9ec4a,52a8ca2b11d2eaf4ed89d882,0.055871873
51fd7fc8498ebd46bbe9ec4a,523da4e6498e38c1d0200689,0.016389216
51fd7fc8498ebd46bbe9ec4a,51b71123498e9e19f9763314,0.031765585
51fd7fc8498ebd46bbe9ec4a,520d511711d2b31f9d7727b0,0.011036975
51100922e4b0873bd55a05c5,52a8ca2b11d2eaf4ed89d882,0.042991549
51100922e4b0873bd55a05c5,4d9dd2577865a0935060f07a,3.512345722
51100922e4b0873bd55a05c5,51b71123498e9e19f9763314,0.068765338
51100922e4b0873bd55a05c5,521659d211d2f12183364adf,0.033370288
51100922e4b0873bd55a05c5,522b709511d203fd862ad7aa,0.068672662
53495b96498e2db72f1394ed,4b9151a4f964a520bab233e3,0.051759586
53495b96498e2db72f1394ed,4c47542096abd13aad637001,0.229771424
53495b96498e2db72f1394ed,4b7707bff964a52018762ee3,1.08659301
53495b96498e2db72f1394ed,4bb60acd46d4a5932198c5c0,1.430046571
53495b96498e2db72f1394ed,4ed6594a6c25b696b4b84990,0.30997456
4f1a96f2e4b08fa663deae89,4bc6d588f360ef3b943fdc2d,0.271527262
4f1a96f2e4b08fa663deae89,50c6cf08e4b0480110816f92,0.098511948
4f1a96f2e4b08fa663deae89,4b7707bff964a52018762ee3,1.979467322
4f1a96f2e4b08fa663deae89,4dff6b25ae605b47b1757f8b,1.393861472
4f1a96f2e4b08fa663deae89,4bb60acd46d4a5932198c5c0,1.753703854
4b503bb4f964a520e21e27e3,4b503b59f964a520dc1e27e3,0.025789236
4b503bb4f964a520e21e27e3,4b65bb89f964a52059fc2ae3,0.0886384
4b503bb4f964a520e21e27e3,4bc6d588f360ef3b943fdc2d,0.823751577
4b503bb4f964a520e21e27e3,4c03ff16310fc9b6b1a8c661,0.061864082
4b503bb4f964a520e21e27e3,4bb60acd46d4a5932198c5c0,2.311894339
4bb23efc14cfd13a6dad14ab,4b503b59f964a520dc1e27e3,0.07049421
4bb23efc14cfd13a6dad14ab,4c03ff16310fc9b6b1a8c661,0.095497425
4bb23efc14cfd13a6dad14ab,4bc6d588f360ef3b943fdc2d,0.882619914
4bb23efc14cfd13a6dad14ab,4b65bb89f964a52059fc2ae3,0.030197555
4bb23efc14cfd13a6dad14ab,4dff6b25ae605b47b1757f8b,2.01136052
4b65bb89f964a52059fc2ae3,4b503b59f964a520dc1e27e3,0.097334667
4b65bb89f964a52059fc2ae3,4b503bb4f964a520e21e27e3,0.0886384
4b65bb89f964a52059fc2ae3,5257253411d294223f9f3688,0.366867827
4b65bb89f964a52059fc2ae3,4e5174a318a8af30fda1a228,0.109425515
4b65bb89f964a52059fc2ae3,4bb23efc14cfd13a6dad14ab,0.030197555
4faa3bfbe4b0dc75ba1f75f0,4b7707bff964a52018762ee3,0.097304398
4faa3bfbe4b0dc75ba1f75f0,4d0f3e8459606dcbac676d3e,0.081339983
4faa3bfbe4b0dc75ba1f75f0,4bb0ff8ef964a52077713ce3,0.076597212
4e5bcac318388cd5cbc1a9c5,4b7707bff964a52018762ee3,0.076835116
4e5bcac318388cd5cbc1a9c5,50b08d04e4b045752b6cda32,0.118668326
4e5bcac318388cd5cbc1a9c5,4b6afa55f964a5202fea2be3,0.02821436
4e5bcac318388cd5cbc1a9c5,4cb1f3b2aef16dcb967dbd54,0.156788705
4e5bcac318388cd5cbc1a9c5,4c0f9c36c6cf76b099888251,1.215918821
5356a705498e70d06fc1a884,4c991410db10b60cd70b876d,0.01152052
5356a705498e70d06fc1a884,4de02b6645dd3eae8767be63,0.165165628
5356a705498e70d06fc1a884,4bc6d588f360ef3b943fdc2d,0.90175108
5356a705498e70d06fc1a884,52e1bae911d2f8cd8845d3b4,0.591026461
4bc2c6b374a9a593fbbcd3f6,4b8e8804f964a520332733e3,0.153851712
4bc2c6b374a9a593fbbcd3f6,4de02b6645dd3eae8767be63,0.181663179
4bc2c6b374a9a593fbbcd3f6,4bc6d588f360ef3b943fdc2d,0.698636655
4bc2c6b374a9a593fbbcd3f6,4c305a1aa0ced13a6910126e,0.134808149
4bc2c6b374a9a593fbbcd3f6,4c991410db10b60cd70b876d,0.289214891
54b01117498e18b8bcee3f74,557ddf60498edc5a04f7784a,0.052289143
508ed42fe4b0c36e94d12fde,4e91596e49013919db2fba98,0.665386563
508ed42fe4b0c36e94d12fde,4b744910f964a52093d22de3,0.034510183
508ed42fe4b0c36e94d12fde,4bb60acd46d4a5932198c5c0,1.456295571
508ed42fe4b0c36e94d12fde,4b4838e9f964a520544a26e3,0.52918161
508ed42fe4b0c36e94d12fde,4c8180efd4e2370458a35e88,0.456541282
4be80229ee96c9280e86fdbf,4b8e8804f964a520332733e3,0.020043077
4be80229ee96c9280e86fdbf,4de02b6645dd3eae8767be63,0.131815817
4be80229ee96c9280e86fdbf,4b82e734f964a52022ec30e3,0.017922656
4be80229ee96c9280e86fdbf,4b4838e9f964a520544a26e3,1.791309149
4be80229ee96c9280e86fdbf,4c03ff16310fc9b6b1a8c661,1.252105983
4b82e734f964a52022ec30e3,4b8e8804f964a520332733e3,0.004915049
4b82e734f964a52022ec30e3,4bc6d588f360ef3b943fdc2d,0.776377962
4b82e734f964a52022ec30e3,4de02b6645dd3eae8767be63,0.115693395
4b82e734f964a52022ec30e3,4c991410db10b60cd70b876d,0.135315831
4b82e734f964a52022ec30e3,4cb86ba69552b60cd855cc8b,0.084178866
52e1bae911d2f8cd8845d3b4,4bc6d588f360ef3b943fdc2d,0.312214444
52e1bae911d2f8cd8845d3b4,4de02b6645dd3eae8767be63,0.568448788
52e1bae911d2f8cd8845d3b4,4b7707bff964a52018762ee3,2.132789304
52e1bae911d2f8cd8845d3b4,4b9151a4f964a520bab233e3,1.088001711
52e1bae911d2f8cd8845d3b4,53b710ef498e3c01b54e7248,0.042379812
521659d211d2f12183364adf,525af5a711d20ca02017c90a,0.004382409
521659d211d2f12183364adf,52d4415811d2fbc982d118fd,0.013593991
522b709511d203fd862ad7aa,52a8ca2b11d2eaf4ed89d882,0.030198179
522b709511d203fd862ad7aa,52effe1e498e631c290b8416,0.013375436
5380ed0c498eaf0c7902f1d3,51b71123498e9e19f9763314,0.063581092
5380ed0c498eaf0c7902f1d3,525af5a711d20ca02017c90a,0.014769762
5380ed0c498eaf0c7902f1d3,520d511711d2b31f9d7727b0,0.085251049
5380ed0c498eaf0c7902f1d3,52a8ca2b11d2eaf4ed89d882,0.032339818
523da4e6498e38c1d0200689,51fd7fc8498ebd46bbe9ec4a,0.016389216
520d511711d2b31f9d7727b0,51fd7fc8498ebd46bbe9ec4a,0.011036975
520d511711d2b31f9d7727b0,52d4415811d2fbc982d118fd,0.071060811
520d511711d2b31f9d7727b0,512643bce4b0f48095f51257,2.12938132
4d9dd2577865a0935060f07a,55323915498e4134d6aebbc1,0.637825175
4d9dd2577865a0935060f07a,4d8b488cbc848cfacb8bec2b,5.406073156
4d9dd2577865a0935060f07a,4f7d67cbe4b07b0956ff365c,0.661709717
4d9dd2577865a0935060f07a,4ce06c1b7e2e236afc128b1b,14.38127
4c47542096abd13aad637001,4b7707bff964a52018762ee3,0.909894904
4c47542096abd13aad637001,4b9151a4f964a520bab233e3,0.178071265
4c47542096abd13aad637001,4bc6d588f360ef3b943fdc2d,0.949005514
4c47542096abd13aad637001,4c0f9c36c6cf76b099888251,0.350614843
4c47542096abd13aad637001,4de02b6645dd3eae8767be63,1.79619264
4ed6594a6c25b696b4b84990,4bc6d588f360ef3b943fdc2d,1.079619812
4ed6594a6c25b696b4b84990,4de02b6645dd3eae8767be63,1.917321646
4ed6594a6c25b696b4b84990,4e060d497d8b2a018051a4fc,0.420679477
4ed6594a6c25b696b4b84990,4b7707bff964a52018762ee3,0.783179048
4ed6594a6c25b696b4b84990,5043b34ee4b02607d16e1bd0,0.12061295
5257253411d294223f9f3688,4c03ff16310fc9b6b1a8c661,0.275928881
5257253411d294223f9f3688,50c6cf08e4b0480110816f92,0.378158265
5257253411d294223f9f3688,4bc6d588f360ef3b943fdc2d,0.54636373
5257253411d294223f9f3688,4dff6b25ae605b47b1757f8b,1.673674807
5257253411d294223f9f3688,4b503b59f964a520dc1e27e3,0.270822244
4e5174a318a8af30fda1a228,4b503b59f964a520dc1e27e3,0.169246176
4e5174a318a8af30fda1a228,4e74f5b61495be5170e9059d,0.135111276
4e5174a318a8af30fda1a228,4bc6d588f360ef3b943fdc2d,0.934453435
4e5174a318a8af30fda1a228,4dff6b25ae605b47b1757f8b,2.065457667
4e5174a318a8af30fda1a228,4c03ff16310fc9b6b1a8c661,0.127695736
4b6afa55f964a5202fea2be3,4b7707bff964a52018762ee3,0.051278463
4b6afa55f964a5202fea2be3,4e5bcac318388cd5cbc1a9c5,0.02821436
4b6afa55f964a5202fea2be3,50b10a19e4b004e6d2ec4344,2.790938898
4b6afa55f964a5202fea2be3,52c44ed2498e2ff9cc1d2355,10.48845836
4c0f9c36c6cf76b099888251,4b7707bff964a52018762ee3,1.258459269
4c0f9c36c6cf76b099888251,4bc6d588f360ef3b943fdc2d,0.60247239
4c0f9c36c6cf76b099888251,531efc3311d25b139d9474a3,0.073143041
4c0f9c36c6cf76b099888251,4e9e82728b81959ccddf796b,0.091445877
4c0f9c36c6cf76b099888251,4b9151a4f964a520bab233e3,0.232001248
4e91596e49013919db2fba98,4d3c618eaf8ca1432c3d01f7,0.527885024
4e91596e49013919db2fba98,4bb60acd46d4a5932198c5c0,1.913346631
4e91596e49013919db2fba98,508ed42fe4b0c36e94d12fde,0.665386563
4e91596e49013919db2fba98,4f1f064de4b03ae365da6061,0.132053137
4e91596e49013919db2fba98,4cbf544f020d468852c26138,0.194292615
4cb86ba69552b60cd855cc8b,4b8e8804f964a520332733e3,0.083199428
4cb86ba69552b60cd855cc8b,4de02b6645dd3eae8767be63,0.199752671
4cb86ba69552b60cd855cc8b,4bc2c6b374a9a593fbbcd3f6,0.185393932
4cb86ba69552b60cd855cc8b,4b781727f964a52058b52ee3,0.837531079
4cb86ba69552b60cd855cc8b,50b45217e4b03acff4f2bacd,0.27312972
53b710ef498e3c01b54e7248,52e1bae911d2f8cd8845d3b4,0.042379812
52effe1e498e631c290b8416,51b71123498e9e19f9763314,0.015980514
52effe1e498e631c290b8416,52d4415811d2fbc982d118fd,0.054956532
512643bce4b0f48095f51257,51b71123498e9e19f9763314,2.130107986
512643bce4b0f48095f51257,4c8fbb1e0b9e3704ddce615e,2.759524981
512643bce4b0f48095f51257,51fd7fc8498ebd46bbe9ec4a,2.138624925
512643bce4b0f48095f51257,4d9dd2577865a0935060f07a,5.365914857
512643bce4b0f48095f51257,52a8ca2b11d2eaf4ed89d882,2.151139243
55323915498e4134d6aebbc1,552ead2a498e978b40d3a72c,0.075391607
55323915498e4134d6aebbc1,554be02c498e01d1a1f779b6,0.004244954
55323915498e4134d6aebbc1,56004cce498ecbc155414db6,0.055660898
55323915498e4134d6aebbc1,4d9dd2577865a0935060f07a,0.637825175
55323915498e4134d6aebbc1,557eec98498e12f1467e576c,0.023338626
4d8b488cbc848cfacb8bec2b,50f926d8e4b070089e3224a3,14.55076556
4d8b488cbc848cfacb8bec2b,4d9dd2577865a0935060f07a,5.406073156
4d8b488cbc848cfacb8bec2b,4efef727490182a1a6d3887b,8.251970383
4d8b488cbc848cfacb8bec2b,4d7bb3f9136bf04d87f4508d,16.03215122
4d8b488cbc848cfacb8bec2b,51100922e4b0873bd55a05c5,8.698799406
4f7d67cbe4b07b0956ff365c,55323915498e4134d6aebbc1,0.877167008
4f7d67cbe4b07b0956ff365c,4d9dd2577865a0935060f07a,0.661709717
4ce06c1b7e2e236afc128b1b,4d9dd2577865a0935060f07a,14.38127
4ce06c1b7e2e236afc128b1b,4f69ee04e4b0656e874897dd,2.87575778
4ce06c1b7e2e236afc128b1b,4f713ceee4b022ab214c0915,1.556952406
4e060d497d8b2a018051a4fc,4b7707bff964a52018762ee3,1.190710498
4e060d497d8b2a018051a4fc,531efc3311d25b139d9474a3,0.035852969
4e060d497d8b2a018051a4fc,4eee25c57ee5f4538830f7e2,0.064565124
4e060d497d8b2a018051a4fc,4ed6594a6c25b696b4b84990,0.420679477
4e060d497d8b2a018051a4fc,4e9e82728b81959ccddf796b,0.045340279
5043b34ee4b02607d16e1bd0,4c47542096abd13aad637001,0.076512017
5043b34ee4b02607d16e1bd0,4c0f9c36c6cf76b099888251,0.421441104
5043b34ee4b02607d16e1bd0,4e060d497d8b2a018051a4fc,0.345402003
4e74f5b61495be5170e9059d,4bc6d588f360ef3b943fdc2d,0.9353811
4e74f5b61495be5170e9059d,4e5174a318a8af30fda1a228,0.135111276
4e74f5b61495be5170e9059d,4b713499f964a5207c3c2de3,0.092326837
4e74f5b61495be5170e9059d,4b7707bff964a52018762ee3,2.043558341
4e74f5b61495be5170e9059d,4dff6b25ae605b47b1757f8b,2.060083838
50b10a19e4b004e6d2ec4344,4bc6d588f360ef3b943fdc2d,1.153724672
50b10a19e4b004e6d2ec4344,4bb60acd46d4a5932198c5c0,1.284131694
50b10a19e4b004e6d2ec4344,50c6cf08e4b0480110816f92,1.208482821
50b10a19e4b004e6d2ec4344,4b7707bff964a52018762ee3,2.822380333
50b10a19e4b004e6d2ec4344,50a2381ce4b090c28572ad4e,6.354615946
531efc3311d25b139d9474a3,4e9e82728b81959ccddf796b,0.026819586
531efc3311d25b139d9474a3,4eee25c57ee5f4538830f7e2,0.040291745
531efc3311d25b139d9474a3,4c0f9c36c6cf76b099888251,0.073143041
531efc3311d25b139d9474a3,4b7707bff964a52018762ee3,1.19962808
531efc3311d25b139d9474a3,4b503b59f964a520dc1e27e3,1.162877791
4e9e82728b81959ccddf796b,4eee25c57ee5f4538830f7e2,0.019325266
4e9e82728b81959ccddf796b,531efc3311d25b139d9474a3,0.026819586
4e9e82728b81959ccddf796b,4c0f9c36c6cf76b099888251,0.091445877
4e9e82728b81959ccddf796b,4b7707bff964a52018762ee3,1.173972285
4e9e82728b81959ccddf796b,4de02b6645dd3eae8767be63,1.533819856
4b781727f964a52058b52ee3,4bc6d588f360ef3b943fdc2d,0.297336538
4b781727f964a52058b52ee3,4c03ff16310fc9b6b1a8c661,0.514013999
4b781727f964a52058b52ee3,4dff6b25ae605b47b1757f8b,1.427577087
4b781727f964a52058b52ee3,4b7707bff964a52018762ee3,1.938808325
4b781727f964a52058b52ee3,50c6cf08e4b0480110816f92,0.139219548
4c8fbb1e0b9e3704ddce615e,4bb4df7b0fb7b713689abf8a,0.007929801
4c8fbb1e0b9e3704ddce615e,4ddb3bfeb0fb97d348c32cdd,0.008933684
4c8fbb1e0b9e3704ddce615e,4e844af9d3e35a80a8e7ac53,0.269657022
4c8fbb1e0b9e3704ddce615e,512643bce4b0f48095f51257,2.759524981
4c8fbb1e0b9e3704ddce615e,4d9dd2577865a0935060f07a,4.372129671
552ead2a498e978b40d3a72c,55323915498e4134d6aebbc1,0.075391607
554be02c498e01d1a1f779b6,552ead2a498e978b40d3a72c,0.077805472
554be02c498e01d1a1f779b6,54cce87a498e1f968efc1e8d,10.43476952
50f926d8e4b070089e3224a3,50b65034e4b0a4380b975cd0,0.011114379
50f926d8e4b070089e3224a3,5154821de4b0284e3e6efa72,1.857881439
50f926d8e4b070089e3224a3,5045fe78e4b0d3dcf53e08ca,0.184793759
50f926d8e4b070089e3224a3,4c3344e266e40f47ecafc78b,1.301778934
50f926d8e4b070089e3224a3,4d3ad2e3fa736ea83ad8198a,1.194799627
4efef727490182a1a6d3887b,4d9dd2577865a0935060f07a,3.226227469
4eee25c57ee5f4538830f7e2,4e9e82728b81959ccddf796b,0.019325266
4eee25c57ee5f4538830f7e2,531efc3311d25b139d9474a3,0.040291745
4eee25c57ee5f4538830f7e2,4c0f9c36c6cf76b099888251,0.090232619
4eee25c57ee5f4538830f7e2,4bc6d588f360ef3b943fdc2d,0.689942758
4eee25c57ee5f4538830f7e2,4b503b59f964a520dc1e27e3,1.203155508
4b713499f964a5207c3c2de3,4e74f5b61495be5170e9059d,0.092326837
4b713499f964a5207c3c2de3,4bc6d588f360ef3b943fdc2d,0.931507628
4b713499f964a5207c3c2de3,4c03ff16310fc9b6b1a8c661,0.139991739
4b713499f964a5207c3c2de3,50c6cf08e4b0480110816f92,0.776167611
4b713499f964a5207c3c2de3,4e595f62b61c4aaa3dfd1dee,0.178382884
50a2381ce4b090c28572ad4e,4dc1a59845dd472e9b7cb9a7,0.007191778
50a2381ce4b090c28572ad4e,4bc6d588f360ef3b943fdc2d,5.585077561
50a2381ce4b090c28572ad4e,4bb60acd46d4a5932198c5c0,5.294302539
50a2381ce4b090c28572ad4e,4b7707bff964a52018762ee3,3.77055202
50a2381ce4b090c28572ad4e,4c03ff16310fc9b6b1a8c661,5.886648132
4bb4df7b0fb7b713689abf8a,4ddb3bfeb0fb97d348c32cdd,0.001981407
4bb4df7b0fb7b713689abf8a,4c8fbb1e0b9e3704ddce615e,0.007929801
4ddb3bfeb0fb97d348c32cdd,4bb4df7b0fb7b713689abf8a,0.001981407
4ddb3bfeb0fb97d348c32cdd,4bc6d588f360ef3b943fdc2d,8.377324956
4e844af9d3e35a80a8e7ac53,4c8fbb1e0b9e3704ddce615e,0.269657022
4e844af9d3e35a80a8e7ac53,4c24778a136d20a19cdae161,3.526590824
4e844af9d3e35a80a8e7ac53,4bb4df7b0fb7b713689abf8a,0.262123284
4e844af9d3e35a80a8e7ac53,4bbf8fdb74a9a593c6aacef6,0.122399714
4e844af9d3e35a80a8e7ac53,4e8ab3a3b803fd0aa06a131e,0.164342498
54cce87a498e1f968efc1e8d,5154821de4b0284e3e6efa72,0.160425545
54cce87a498e1f968efc1e8d,54109920498edd7ea227d334,0.927870615
54cce87a498e1f968efc1e8d,5045fe78e4b0d3dcf53e08ca,1.825220883
50b65034e4b0a4380b975cd0,50f926d8e4b070089e3224a3,0.011114379
50b65034e4b0a4380b975cd0,4dde9b547d8bb03c06b7e401,0.236683373
5154821de4b0284e3e6efa72,4fe6aab2e4b02db7ae3cb88c,3.074803333
5154821de4b0284e3e6efa72,4cebe55ce1eeb60c48dbb5ae,0.137421472
5154821de4b0284e3e6efa72,4c3344e266e40f47ecafc78b,3.075315814
5154821de4b0284e3e6efa72,52a8c3b311d2af9ade8e19f5,0.878220346
5045fe78e4b0d3dcf53e08ca,4eee180146907303bfbe28ff,0.035200191
5045fe78e4b0d3dcf53e08ca,5203e924498e3cff7919c1fc,0.10936463
5045fe78e4b0d3dcf53e08ca,50f926d8e4b070089e3224a3,0.184793759
5045fe78e4b0d3dcf53e08ca,4e6a5492a809290267f633c6,0.057499513
5045fe78e4b0d3dcf53e08ca,55d63d73498eeae64dff98b8,0.02410128
4c3344e266e40f47ecafc78b,4eca8b0b9a52756c593bb508,0.014633489
4c3344e266e40f47ecafc78b,51d3194d498ef335e1bdc07f,0.02858609
4c3344e266e40f47ecafc78b,4ea3a50430f8b9d5acdf2dfb,0.032828358
4c3344e266e40f47ecafc78b,4d3ad2e3fa736ea83ad8198a,0.93229389
4c3344e266e40f47ecafc78b,4d3058737791224b942ad042,0.417396232
4d3ad2e3fa736ea83ad8198a,5558568a498e982e87bccaa0,0.350569921
4d3ad2e3fa736ea83ad8198a,4c3344e266e40f47ecafc78b,0.93229389
4d3ad2e3fa736ea83ad8198a,4be866169a54a593b7ec0911,2.919865819
4d3ad2e3fa736ea83ad8198a,52a8c3b311d2af9ade8e19f5,2.870755092
4d3ad2e3fa736ea83ad8198a,4d3058737791224b942ad042,0.531900118
4dc1a59845dd472e9b7cb9a7,50a2381ce4b090c28572ad4e,0.007191778
4dc1a59845dd472e9b7cb9a7,5106827fe4b0ad7f444202ad,0.048506829
4dc1a59845dd472e9b7cb9a7,4bb60acd46d4a5932198c5c0,5.288390973
4dc1a59845dd472e9b7cb9a7,507d9a26e4b0ba326576cc09,1.090288584
4dc1a59845dd472e9b7cb9a7,4b7707bff964a52018762ee3,3.763580917
4c24778a136d20a19cdae161,4e9e6e0477c80ac54bdc4a41,0.030925472
4c24778a136d20a19cdae161,4e6a07aad164c37bf4623bdd,0.042458151
4c24778a136d20a19cdae161,4de52984d22d2a4ece060c54,0.034418006
4c24778a136d20a19cdae161,4f1eb45ee4b0293a86501bdc,0.027805268
4c24778a136d20a19cdae161,4e2021be18a88345f03cd013,0.142552764
4bbf8fdb74a9a593c6aacef6,4e973ca4722eef174f72d523,0.009003927
4bbf8fdb74a9a593c6aacef6,4ddb3bfeb0fb97d348c32cdd,0.173893298
4bbf8fdb74a9a593c6aacef6,4c24778a136d20a19cdae161,3.625230397
4bbf8fdb74a9a593c6aacef6,4bb4df7b0fb7b713689abf8a,0.174555596
4bbf8fdb74a9a593c6aacef6,4c8fbb1e0b9e3704ddce615e,0.182460869
54109920498edd7ea227d334,4fe6aab2e4b02db7ae3cb88c,1.997073991
4dde9b547d8bb03c06b7e401,5154821de4b0284e3e6efa72,2.083342045
4dde9b547d8bb03c06b7e401,4cf925a14464b60ca97964f8,0.241305139
4dde9b547d8bb03c06b7e401,4ecbd1a093adb4bd1b56c555,0.009135084
4dde9b547d8bb03c06b7e401,51b22cd0498ef72ef8df784c,0.766271905
4dde9b547d8bb03c06b7e401,4d3ad2e3fa736ea83ad8198a,0.983608477
4fe6aab2e4b02db7ae3cb88c,4fe6ab64e4b0f0c8f34d5fa0,0.120338952
4fe6aab2e4b02db7ae3cb88c,52151be511d28592d8410438,0.032902742
4fe6aab2e4b02db7ae3cb88c,512e4182e4b05f7d4843766f,0.036133735
4fe6aab2e4b02db7ae3cb88c,5197bf24498ec577cf5bb723,0.03840682
4fe6aab2e4b02db7ae3cb88c,51f4590b498e369ef2e4fd00,0.068030855
4cebe55ce1eeb60c48dbb5ae,5154821de4b0284e3e6efa72,0.137421472
4cebe55ce1eeb60c48dbb5ae,51eb1639498e26411f626c3a,0.527756703
4cebe55ce1eeb60c48dbb5ae,4e6e352ed1647053b9ff9315,7.655080932
4cebe55ce1eeb60c48dbb5ae,4d3ad2e3fa736ea83ad8198a,2.885063913
4cebe55ce1eeb60c48dbb5ae,5045fe78e4b0d3dcf53e08ca,1.535980022
52a8c3b311d2af9ade8e19f5,54c90c91498e622b8b8e2e70,0.00155164
52a8c3b311d2af9ade8e19f5,52851cc711d28cd203abc725,0.130036972
52a8c3b311d2af9ade8e19f5,52a8b7fb11d2292923a38c7d,0.124437003
52a8c3b311d2af9ade8e19f5,53de1388498e478b059e1d7d,0.073474551
52a8c3b311d2af9ade8e19f5,530b9841498e9d01f354d57c,0.116907531
4eee180146907303bfbe28ff,5045fe78e4b0d3dcf53e08ca,0.035200191
4eee180146907303bfbe28ff,4e6a5492a809290267f633c6,0.033624186
4eee180146907303bfbe28ff,4b9948a2f964a520097035e3,0.667446453
4eee180146907303bfbe28ff,4b73f92df964a5202ec22de3,4.607040006
4eee180146907303bfbe28ff,4fe6aab2e4b02db7ae3cb88c,4.778116583
5203e924498e3cff7919c1fc,5045fe78e4b0d3dcf53e08ca,0.10936463
5203e924498e3cff7919c1fc,53fa0efd498e7fdf05bad40b,0.019160131
4e6a5492a809290267f633c6,5045fe78e4b0d3dcf53e08ca,0.057499513
4e6a5492a809290267f633c6,50b65034e4b0a4380b975cd0,0.117836966
4e6a5492a809290267f633c6,4eee180146907303bfbe28ff,0.033624186
4e6a5492a809290267f633c6,50f926d8e4b070089e3224a3,0.128865609
4e6a5492a809290267f633c6,4c3344e266e40f47ecafc78b,1.410325035
55d63d73498eeae64dff98b8,5045fe78e4b0d3dcf53e08ca,0.02410128
4eca8b0b9a52756c593bb508,4c3344e266e40f47ecafc78b,0.014633489
4eca8b0b9a52756c593bb508,4ea3a50430f8b9d5acdf2dfb,0.022051423
4eca8b0b9a52756c593bb508,4d3ad2e3fa736ea83ad8198a,0.943318687
4eca8b0b9a52756c593bb508,4b7707bff964a52018762ee3,6.758235213
4eca8b0b9a52756c593bb508,4dd4f0b8b0fb7a332e7405a5,0.128560601
51d3194d498ef335e1bdc07f,4c3344e266e40f47ecafc78b,0.02858609
4ea3a50430f8b9d5acdf2dfb,4c3344e266e40f47ecafc78b,0.032828358
4ea3a50430f8b9d5acdf2dfb,4eca8b0b9a52756c593bb508,0.022051423
4ea3a50430f8b9d5acdf2dfb,4d3ad2e3fa736ea83ad8198a,0.964783075
4d3058737791224b942ad042,4f6de0dae4b01489ba002603,0.107790203
4d3058737791224b942ad042,4c3344e266e40f47ecafc78b,0.417396232
4d3058737791224b942ad042,4d3ad2e3fa736ea83ad8198a,0.531900118
4d3058737791224b942ad042,537a1cec498e53b4751737c8,0.050481204
4d3058737791224b942ad042,4eca8b0b9a52756c593bb508,0.430237509
5558568a498e982e87bccaa0,4d3ad2e3fa736ea83ad8198a,0.350569921
5558568a498e982e87bccaa0,4ccf062cc0378cfa775a9748,0.259466457
5558568a498e982e87bccaa0,53bc7155498e75461da91ef5,0.249613709
5558568a498e982e87bccaa0,4b7e983cf964a5206ef42fe3,17.5107433
5558568a498e982e87bccaa0,55a8199d498e61367d215ad2,0.065774709
4be866169a54a593b7ec0911,4b98eb1bf964a520315635e3,0.061019927
4be866169a54a593b7ec0911,4d3e70978edf370441e3c3a5,0.07430968
4be866169a54a593b7ec0911,4de3cddb52b1d38d298e4126,0.030263212
4be866169a54a593b7ec0911,53aea9b6498e1da25de38ae2,0.055323097
4be866169a54a593b7ec0911,4b7707bff964a52018762ee3,3.92673628
5106827fe4b0ad7f444202ad,4dc1a59845dd472e9b7cb9a7,0.048506829
5106827fe4b0ad7f444202ad,50a2381ce4b090c28572ad4e,0.053435288
507d9a26e4b0ba326576cc09,4ee0b8af93ad1adedc126bde,0.057825623
4e9e6e0477c80ac54bdc4a41,4c24778a136d20a19cdae161,0.030925472
4e9e6e0477c80ac54bdc4a41,4f1eb45ee4b0293a86501bdc,0.054609941
4e9e6e0477c80ac54bdc4a41,4de52984d22d2a4ece060c54,0.005764557
4e9e6e0477c80ac54bdc4a41,4e6a07aad164c37bf4623bdd,0.04667474
4e9e6e0477c80ac54bdc4a41,4bee8554ada6b7137d362206,2.674641378
4e6a07aad164c37bf4623bdd,4c24778a136d20a19cdae161,0.042458151
4e6a07aad164c37bf4623bdd,4e9e6e0477c80ac54bdc4a41,0.04667474
4e6a07aad164c37bf4623bdd,4f1eb45ee4b0293a86501bdc,0.037126804
4e6a07aad164c37bf4623bdd,4de52984d22d2a4ece060c54,0.052414184
4de52984d22d2a4ece060c54,4c24778a136d20a19cdae161,0.034418006
4de52984d22d2a4ece060c54,4e9e6e0477c80ac54bdc4a41,0.005764557
4f1eb45ee4b0293a86501bdc,4c24778a136d20a19cdae161,0.027805268
4f1eb45ee4b0293a86501bdc,4e6a07aad164c37bf4623bdd,0.037126804
4f1eb45ee4b0293a86501bdc,4e9e6e0477c80ac54bdc4a41,0.054609941
4f1eb45ee4b0293a86501bdc,4de52984d22d2a4ece060c54,0.059346775
4f1eb45ee4b0293a86501bdc,50ae9bdce4b03c6b1d2395ff,0.065739159
4e973ca4722eef174f72d523,4bbf8fdb74a9a593c6aacef6,0.009003927
4e973ca4722eef174f72d523,4ddb3bfeb0fb97d348c32cdd,0.164934996
4cf925a14464b60ca97964f8,4dde9b547d8bb03c06b7e401,0.241305139
4cf925a14464b60ca97964f8,4ed66539f5b93be4f35c875f,4.336832003
4cf925a14464b60ca97964f8,4b7707bff964a52018762ee3,7.71311172
4cf925a14464b60ca97964f8,5154821de4b0284e3e6efa72,1.845706775
4cf925a14464b60ca97964f8,4eee180146907303bfbe28ff,0.149433605
4ecbd1a093adb4bd1b56c555,4dde9b547d8bb03c06b7e401,0.009135084
4ecbd1a093adb4bd1b56c555,4eca8b0b9a52756c593bb508,1.124627786
51b22cd0498ef72ef8df784c,4d9dd2577865a0935060f07a,9.672941911
51b22cd0498ef72ef8df784c,4d3ad2e3fa736ea83ad8198a,0.39932737
4fe6ab64e4b0f0c8f34d5fa0,4fe6aab2e4b02db7ae3cb88c,0.120338952
52151be511d28592d8410438,4fe6aab2e4b02db7ae3cb88c,0.032902742
512e4182e4b05f7d4843766f,4fe6aab2e4b02db7ae3cb88c,0.036133735
512e4182e4b05f7d4843766f,4fe6ab64e4b0f0c8f34d5fa0,0.087555318
5197bf24498ec577cf5bb723,4fe6aab2e4b02db7ae3cb88c,0.03840682
51f4590b498e369ef2e4fd00,4fe6aab2e4b02db7ae3cb88c,0.068030855
51eb1639498e26411f626c3a,5154821de4b0284e3e6efa72,0.390427089
51eb1639498e26411f626c3a,51fa6929498e1558def42d68,0.049164361
51eb1639498e26411f626c3a,5045fe78e4b0d3dcf53e08ca,2.063661458
51eb1639498e26411f626c3a,4fe6aab2e4b02db7ae3cb88c,2.68516475
51eb1639498e26411f626c3a,52a8c3b311d2af9ade8e19f5,1.031311631
4e6e352ed1647053b9ff9315,52efd23b11d2203926fb167b,0.069405242
4e6e352ed1647053b9ff9315,502981b2e4b0d267a7bc2acb,0.216205863
4e6e352ed1647053b9ff9315,4da1f378d686b60c37b1af28,0.154555242
4e6e352ed1647053b9ff9315,4d00ae4d1ebe6dcbc49c8891,0.026995722
4e6e352ed1647053b9ff9315,4d98c87b744f3704d7dff757,0.035603916
54c90c91498e622b8b8e2e70,52a8c3b311d2af9ade8e19f5,0.00155164
52851cc711d28cd203abc725,52a8c3b311d2af9ade8e19f5,0.130036972
52a8b7fb11d2292923a38c7d,52a8c3b311d2af9ade8e19f5,0.124437003
53de1388498e478b059e1d7d,52a8c3b311d2af9ade8e19f5,0.073474551
530b9841498e9d01f354d57c,52a8c3b311d2af9ade8e19f5,0.116907531
4b9948a2f964a520097035e3,4dc83b0efa76e6c130ddf009,0.123078297
4b9948a2f964a520097035e3,4f2ad24ae4b050ce91a076f1,0.097648859
4b9948a2f964a520097035e3,4dee531fe4cd032b189f9735,0.131668397
4b73f92df964a5202ec22de3,4e872bc602d59509783b7486,0.036653634
4b73f92df964a5202ec22de3,4b98e3a5f964a520775435e3,0.569860917
4b73f92df964a5202ec22de3,51656059e4b0bc6385c9f2f6,0.122411973
4b73f92df964a5202ec22de3,4eecbd37b634f7544267f687,0.114766922
4b73f92df964a5202ec22de3,4c837b6ed34ca14329c73580,0.224578567
53fa0efd498e7fdf05bad40b,55c3580e498e110cb64902ed,0.01662395
53fa0efd498e7fdf05bad40b,546f3643498e7269b251c2c9,0.024205006
53fa0efd498e7fdf05bad40b,50f926d8e4b070089e3224a3,0.058796594
53fa0efd498e7fdf05bad40b,531e16bd498efd001f4e1e60,0.307775605
53fa0efd498e7fdf05bad40b,547e1a04498e3f5770351032,0.311558357
4dd4f0b8b0fb7a332e7405a5,4b914064f964a5204fad33e3,0.054500915
4dd4f0b8b0fb7a332e7405a5,4c3344e266e40f47ecafc78b,0.142824219
4dd4f0b8b0fb7a332e7405a5,4be866169a54a593b7ec0911,3.515717959
4dd4f0b8b0fb7a332e7405a5,4b73f92df964a5202ec22de3,3.257877919
4dd4f0b8b0fb7a332e7405a5,4e6e352ed1647053b9ff9315,5.803584396
4f6de0dae4b01489ba002603,4bb77d15cf2fc9b625449e02,4.526683094
4f6de0dae4b01489ba002603,4e6e352ed1647053b9ff9315,6.432323225
4f6de0dae4b01489ba002603,537a1cec498e53b4751737c8,0.15825805
4f6de0dae4b01489ba002603,4d3058737791224b942ad042,0.107790203
537a1cec498e53b4751737c8,4d3058737791224b942ad042,0.050481204
537a1cec498e53b4751737c8,54cb6228498ed74155aa6871,0.047568289
537a1cec498e53b4751737c8,4c3344e266e40f47ecafc78b,0.369657711
537a1cec498e53b4751737c8,4dd4f0b8b0fb7a332e7405a5,0.483016241
537a1cec498e53b4751737c8,4be866169a54a593b7ec0911,3.320528887
4ccf062cc0378cfa775a9748,50d5f40ae4b0a7a64fba7fa8,0.886496716
4ccf062cc0378cfa775a9748,4d3ad2e3fa736ea83ad8198a,0.576766327
4ccf062cc0378cfa775a9748,5558568a498e982e87bccaa0,0.259466457
4ccf062cc0378cfa775a9748,4e5aba9a1f6e804280d74be3,10.52362183
4ccf062cc0378cfa775a9748,4b7e983cf964a5206ef42fe3,17.43127316
53bc7155498e75461da91ef5,55323915498e4134d6aebbc1,9.145396725
4b7e983cf964a5206ef42fe3,4f15c269e4b03f4c03fb50e0,0.036953219
4b7e983cf964a5206ef42fe3,4bf558076a31d13a3abe962e,0.345939639
4b7e983cf964a5206ef42fe3,4d88b40176e1236a95b9f542,0.362140393
4b7e983cf964a5206ef42fe3,52efd23b11d2203926fb13b2,0.414119911
4b7e983cf964a5206ef42fe3,4ec2ba5c775b802d1ff48dbf,0.381989388
4b98eb1bf964a520315635e3,4be866169a54a593b7ec0911,0.061019927
4b98eb1bf964a520315635e3,4d3e70978edf370441e3c3a5,0.025446227
4b98eb1bf964a520315635e3,4b7707bff964a52018762ee3,3.865722893
4b98eb1bf964a520315635e3,4efdab659a520dfd643bd750,0.042711379
4b98eb1bf964a520315635e3,4dc2ea4afa7608e86fe52b0d,0.033322666
4d3e70978edf370441e3c3a5,4be866169a54a593b7ec0911,0.07430968
4d3e70978edf370441e3c3a5,4b98eb1bf964a520315635e3,0.025446227
4d3e70978edf370441e3c3a5,4efdab659a520dfd643bd750,0.026887147
4d3e70978edf370441e3c3a5,4de3cddb52b1d38d298e4126,0.044051169
4d3e70978edf370441e3c3a5,4dc2ea4afa7608e86fe52b0d,0.015174521
4de3cddb52b1d38d298e4126,4be866169a54a593b7ec0911,0.030263212
4de3cddb52b1d38d298e4126,4dc2ea4afa7608e86fe52b0d,0.058297744
4de3cddb52b1d38d298e4126,4db3038a43a1369cb5989f18,0.013384505
4de3cddb52b1d38d298e4126,510a9299e4b0de3a2a1b168c,0.04053887
4de3cddb52b1d38d298e4126,4d3e70978edf370441e3c3a5,0.044051169
53aea9b6498e1da25de38ae2,4be866169a54a593b7ec0911,0.055323097
53aea9b6498e1da25de38ae2,4d3e70978edf370441e3c3a5,0.05107009
4ee0b8af93ad1adedc126bde,507d9a26e4b0ba326576cc09,0.057825623
4ee0b8af93ad1adedc126bde,4be866169a54a593b7ec0911,0.408305833
4ee0b8af93ad1adedc126bde,4b7707bff964a52018762ee3,4.178180646
4ee0b8af93ad1adedc126bde,4e3c350fa809ba757bf8fa7d,2.333328081
4ee0b8af93ad1adedc126bde,52b14373498e004fbc08f62d,2.864922239
4bee8554ada6b7137d362206,4b78de8df964a52018e52ee3,0.271090381
4bee8554ada6b7137d362206,50583de6e4b02ba603de9f2e,0.715423742
4bee8554ada6b7137d362206,4e3c350fa809ba757bf8fa7d,1.619952962
4bee8554ada6b7137d362206,4b7707bff964a52018762ee3,2.267186056
4bee8554ada6b7137d362206,4ff3f389e4b05ae522acd704,0.332634483
4ed66539f5b93be4f35c875f,5154821de4b0284e3e6efa72,6.181906277
4ed66539f5b93be4f35c875f,4b73f92df964a5202ec22de3,0.362100474
4ed66539f5b93be4f35c875f,4dc83b0efa76e6c130ddf009,5.150444736
4ed66539f5b93be4f35c875f,514a25f2e4b0b12bdd3b4f96,5.178631208
4ed66539f5b93be4f35c875f,50f926d8e4b070089e3224a3,4.32695672
51fa6929498e1558def42d68,536b5ae7498e047e33524612,0.008408146
51fa6929498e1558def42d68,51eb1639498e26411f626c3a,0.049164361
52efd23b11d2203926fb167b,4e6e352ed1647053b9ff9315,0.069405242
52efd23b11d2203926fb167b,4da1f378d686b60c37b1af28,0.154118959
52efd23b11d2203926fb167b,4d98c87b744f3704d7dff757,0.08678435
52efd23b11d2203926fb167b,502981b2e4b0d267a7bc2acb,0.152137366
52efd23b11d2203926fb167b,4db1535243a1bea42bc84163,0.012961311
502981b2e4b0d267a7bc2acb,4e6e352ed1647053b9ff9315,0.216205863
502981b2e4b0d267a7bc2acb,52efd23b11d2203926fb167b,0.152137366
502981b2e4b0d267a7bc2acb,4da1f378d686b60c37b1af28,0.187370887
502981b2e4b0d267a7bc2acb,4d98c87b744f3704d7dff757,0.238779686
502981b2e4b0d267a7bc2acb,4be866169a54a593b7ec0911,8.443195838
4da1f378d686b60c37b1af28,4e6e352ed1647053b9ff9315,0.154555242
4da1f378d686b60c37b1af28,502981b2e4b0d267a7bc2acb,0.187370887
4da1f378d686b60c37b1af28,52efd23b11d2203926fb167b,0.154118959
4da1f378d686b60c37b1af28,4d1335a5d0fda093324eb157,0.249030832
4da1f378d686b60c37b1af28,4db1535243a1bea42bc84163,0.147921228
4d00ae4d1ebe6dcbc49c8891,4e6e352ed1647053b9ff9315,0.026995722
4d00ae4d1ebe6dcbc49c8891,502981b2e4b0d267a7bc2acb,0.239785856
4d00ae4d1ebe6dcbc49c8891,4da1f378d686b60c37b1af28,0.17901798
4d00ae4d1ebe6dcbc49c8891,4d98c87b744f3704d7dff757,0.015229374
4d00ae4d1ebe6dcbc49c8891,4d1335a5d0fda093324eb157,0.332795858
4d98c87b744f3704d7dff757,4e6e352ed1647053b9ff9315,0.035603916
4d98c87b744f3704d7dff757,4da1f378d686b60c37b1af28,0.190099561
4d98c87b744f3704d7dff757,502981b2e4b0d267a7bc2acb,0.238779686
4d98c87b744f3704d7dff757,52efd23b11d2203926fb167b,0.08678435
4d98c87b744f3704d7dff757,5392bba3498ee0e5e0b5258f,0.290388244
4dc83b0efa76e6c130ddf009,4f3a9c99e4b0928989480081,0.042697749
4dc83b0efa76e6c130ddf009,5154821de4b0284e3e6efa72,1.032767757
4dc83b0efa76e6c130ddf009,4fe6aab2e4b02db7ae3cb88c,4.107134352
4dc83b0efa76e6c130ddf009,5042691be4b055ecd356a70e,0.032087847
4dc83b0efa76e6c130ddf009,4ed66539f5b93be4f35c875f,5.150444736
4e872bc602d59509783b7486,4c837b6ed34ca14329c73580,0.246010212
4e872bc602d59509783b7486,4b73f92df964a5202ec22de3,0.036653634
4e872bc602d59509783b7486,4b98e3a5f964a520775435e3,0.565648913
4e872bc602d59509783b7486,4d9d743a83f36ea82234b894,0.080615924
4e872bc602d59509783b7486,5139fc8ae4b004aa50c9d237,0.123886267
4b98e3a5f964a520775435e3,4b73f92df964a5202ec22de3,0.569860917
4b98e3a5f964a520775435e3,4b79231cf964a520b0ec2ee3,0.18751748
4b98e3a5f964a520775435e3,5093d419e4b0d88895e1a40a,0.064932932
4b98e3a5f964a520775435e3,4db11e66f7b1bd003ad6563f,0.237742696
4b98e3a5f964a520775435e3,516df5b9f31cd0ea72e739cb,0.169525392
51656059e4b0bc6385c9f2f6,4e872bc602d59509783b7486,0.121723488
51656059e4b0bc6385c9f2f6,4b73f92df964a5202ec22de3,0.122411973
51656059e4b0bc6385c9f2f6,4b98e3a5f964a520775435e3,0.447486916
51656059e4b0bc6385c9f2f6,4c837b6ed34ca14329c73580,0.340973143
51656059e4b0bc6385c9f2f6,5139fc8ae4b004aa50c9d237,0.009238256
4eecbd37b634f7544267f687,4e872bc602d59509783b7486,0.115145566
4eecbd37b634f7544267f687,4b73f92df964a5202ec22de3,0.114766922
4eecbd37b634f7544267f687,4c9b53239c663704381060fd,0.046488075
4eecbd37b634f7544267f687,4c837b6ed34ca14329c73580,0.332994767
4eecbd37b634f7544267f687,4dcaa1351f6e2812677b47b1,0.09895554
4c837b6ed34ca14329c73580,4b73f92df964a5202ec22de3,0.224578567
4c837b6ed34ca14329c73580,4e872bc602d59509783b7486,0.246010212
4c837b6ed34ca14329c73580,4b98e3a5f964a520775435e3,0.780803641
4c837b6ed34ca14329c73580,4db11e66f7b1bd003ad6563f,1.014443945
4c837b6ed34ca14329c73580,4d9d743a83f36ea82234b894,0.217634482
55c3580e498e110cb64902ed,53fa0efd498e7fdf05bad40b,0.01662395
55c3580e498e110cb64902ed,50f926d8e4b070089e3224a3,0.047116891
55c3580e498e110cb64902ed,54109920498edd7ea227d334,2.889799271
546f3643498e7269b251c2c9,53fa0efd498e7fdf05bad40b,0.024205006
531e16bd498efd001f4e1e60,5045fe78e4b0d3dcf53e08ca,0.182258628
531e16bd498efd001f4e1e60,53fa0efd498e7fdf05bad40b,0.307775605
531e16bd498efd001f4e1e60,52a8c3b311d2af9ade8e19f5,1.563486914
531e16bd498efd001f4e1e60,50f926d8e4b070089e3224a3,0.366218312
547e1a04498e3f5770351032,54109920498edd7ea227d334,2.566759952
547e1a04498e3f5770351032,53fa0efd498e7fdf05bad40b,0.311558357
547e1a04498e3f5770351032,53a47071498e183ecb19e0cf,5.638711467
4b914064f964a5204fad33e3,4c3344e266e40f47ecafc78b,0.177771375
4b914064f964a5204fad33e3,4dd4f0b8b0fb7a332e7405a5,0.054500915
4b914064f964a5204fad33e3,4eca8b0b9a52756c593bb508,0.16315754
4b914064f964a5204fad33e3,4e6e352ed1647053b9ff9315,5.751328211
4b914064f964a5204fad33e3,52a8c3b311d2af9ade8e19f5,3.351792327
4bb77d15cf2fc9b625449e02,4b71ac92f964a52041552de3,1.666833282
4bb77d15cf2fc9b625449e02,509699e9e4b0e52fa47b9ed0,1.056792596
4bb77d15cf2fc9b625449e02,4f6cadffe4b032eb625233d5,0.425981757
4bb77d15cf2fc9b625449e02,4b7707bff964a52018762ee3,3.976612305
4bb77d15cf2fc9b625449e02,4b73f92df964a5202ec22de3,1.747895759
54cb6228498ed74155aa6871,537a1cec498e53b4751737c8,0.047568289
54cb6228498ed74155aa6871,4d3058737791224b942ad042,0.059348094
50d5f40ae4b0a7a64fba7fa8,4ccf062cc0378cfa775a9748,0.886496716
50d5f40ae4b0a7a64fba7fa8,5558568a498e982e87bccaa0,0.675314908
50d5f40ae4b0a7a64fba7fa8,4e5aba9a1f6e804280d74be3,10.09686382
50d5f40ae4b0a7a64fba7fa8,4d3ad2e3fa736ea83ad8198a,0.325757863
50d5f40ae4b0a7a64fba7fa8,4e6e352ed1647053b9ff9315,6.501565596
4e5aba9a1f6e804280d74be3,4b7e983cf964a5206ef42fe3,8.108005784
4e5aba9a1f6e804280d74be3,4ead7c5f02d5cf33fa6f9014,2.993829131
4e5aba9a1f6e804280d74be3,4ccf062cc0378cfa775a9748,10.52362183
4e5aba9a1f6e804280d74be3,4e6e352ed1647053b9ff9315,6.532833558
4e5aba9a1f6e804280d74be3,50d5f40ae4b0a7a64fba7fa8,10.09686382
4f15c269e4b03f4c03fb50e0,4b7e983cf964a5206ef42fe3,0.036953219
4f15c269e4b03f4c03fb50e0,4bf558076a31d13a3abe962e,0.325074858
4f15c269e4b03f4c03fb50e0,5229e9e6498e14e4533bca01,0.011253872
4bf558076a31d13a3abe962e,4d88b40176e1236a95b9f542,0.151751399
4bf558076a31d13a3abe962e,4e663c9c7d8b85408b4502ca,0.072168652
4bf558076a31d13a3abe962e,4b7e983cf964a5206ef42fe3,0.345939639
4bf558076a31d13a3abe962e,52efd23b11d2203926fb13b2,0.068246528
4bf558076a31d13a3abe962e,4ec2ba5c775b802d1ff48dbf,0.064736068
4d88b40176e1236a95b9f542,4b7e983cf964a5206ef42fe3,0.362140393
4d88b40176e1236a95b9f542,4bf558076a31d13a3abe962e,0.151751399
4d88b40176e1236a95b9f542,4e663c9c7d8b85408b4502ca,0.086492871
4d88b40176e1236a95b9f542,52efd23b11d2203926fb13b2,0.170208996
52efd23b11d2203926fb13b2,4b7e983cf964a5206ef42fe3,0.414119911
52efd23b11d2203926fb13b2,4ec2ba5c775b802d1ff48dbf,0.069813535
52efd23b11d2203926fb13b2,4d88b40176e1236a95b9f542,0.170208996
52efd23b11d2203926fb13b2,4bf558076a31d13a3abe962e,0.068246528
52efd23b11d2203926fb13b2,4e663c9c7d8b85408b4502ca,0.116557305
4ec2ba5c775b802d1ff48dbf,4b7e983cf964a5206ef42fe3,0.381989388
4ec2ba5c775b802d1ff48dbf,52efd23b11d2203926fb13b2,0.069813535
4ec2ba5c775b802d1ff48dbf,4d88b40176e1236a95b9f542,0.212794665
4ec2ba5c775b802d1ff48dbf,4e663c9c7d8b85408b4502ca,0.136797384
4ec2ba5c775b802d1ff48dbf,4dd69987b0fb8af38070e940,0.084335503
4efdab659a520dfd643bd750,4b98eb1bf964a520315635e3,0.042711379
4efdab659a520dfd643bd750,4be866169a54a593b7ec0911,0.065014861
4efdab659a520dfd643bd750,4dc2ea4afa7608e86fe52b0d,0.040071443
4efdab659a520dfd643bd750,4de3cddb52b1d38d298e4126,0.038552653
4efdab659a520dfd643bd750,510a9299e4b0de3a2a1b168c,0.076323369
4dc2ea4afa7608e86fe52b0d,4be866169a54a593b7ec0911,0.088496806
4dc2ea4afa7608e86fe52b0d,4de3cddb52b1d38d298e4126,0.058297744
4dc2ea4afa7608e86fe52b0d,4d3e70978edf370441e3c3a5,0.015174521
510a9299e4b0de3a2a1b168c,4be866169a54a593b7ec0911,0.011415094
510a9299e4b0de3a2a1b168c,4d3e70978edf370441e3c3a5,0.084440204
510a9299e4b0de3a2a1b168c,4b98eb1bf964a520315635e3,0.069186478
4e3c350fa809ba757bf8fa7d,4bb77d15cf2fc9b625449e02,2.811843074
4e3c350fa809ba757bf8fa7d,4b7707bff964a52018762ee3,2.126250524
4e3c350fa809ba757bf8fa7d,4e8db67782319c780c61818b,0.020285431
4e3c350fa809ba757bf8fa7d,4bc6d588f360ef3b943fdc2d,3.914315109
4e3c350fa809ba757bf8fa7d,4db11e66f7b1bd003ad6563f,1.389003342
52b14373498e004fbc08f62d,534bf554498ed7aa62e540db,0.169680989
52b14373498e004fbc08f62d,4bb60acd46d4a5932198c5c0,3.18841639
52b14373498e004fbc08f62d,5298688b498ecb8271e30ab9,0.198357518
52b14373498e004fbc08f62d,4b7707bff964a52018762ee3,1.8649098
52b14373498e004fbc08f62d,4f05abfab8f7dcbb400bac99,0.084129636
4b78de8df964a52018e52ee3,4bcd8beefb84c9b6021f223e,0.059324266
4b78de8df964a52018e52ee3,4b7707bff964a52018762ee3,2.200826665
4b78de8df964a52018e52ee3,4c24778a136d20a19cdae161,2.925768524
4b78de8df964a52018e52ee3,4bee8554ada6b7137d362206,0.271090381
50583de6e4b02ba603de9f2e,4bb77d15cf2fc9b625449e02,3.72254128
50583de6e4b02ba603de9f2e,4bee8554ada6b7137d362206,0.715423742
50583de6e4b02ba603de9f2e,4ea56ab7b80355a982f8cfa3,0.677321189
50583de6e4b02ba603de9f2e,4ba8dc8ff964a52005f539e3,4.433673692
50583de6e4b02ba603de9f2e,4bcd8beefb84c9b6021f223e,0.502502845
4ff3f389e4b05ae522acd704,4c2378557e85c9283495bd21,0.005746307
4ff3f389e4b05ae522acd704,4b78de8df964a52018e52ee3,0.075217284
514a25f2e4b0b12bdd3b4f96,4ed66539f5b93be4f35c875f,5.178631208
514a25f2e4b0b12bdd3b4f96,5154821de4b0284e3e6efa72,1.014093963
514a25f2e4b0b12bdd3b4f96,51756c70e4b0182f6ca786f4,1.756261606
514a25f2e4b0b12bdd3b4f96,4dc83b0efa76e6c130ddf009,0.184534277
514a25f2e4b0b12bdd3b4f96,4eee180146907303bfbe28ff,0.699906199
536b5ae7498e047e33524612,51fa6929498e1558def42d68,0.008408146
536b5ae7498e047e33524612,5154821de4b0284e3e6efa72,0.333747429
536b5ae7498e047e33524612,53a47071498e183ecb19e0cf,6.940702128
536b5ae7498e047e33524612,5549cd61498eed23444af7c6,3.951448014
536b5ae7498e047e33524612,54109920498edd7ea227d334,0.745655983
4db1535243a1bea42bc84163,4da1f378d686b60c37b1af28,0.147921228
4db1535243a1bea42bc84163,4e6e352ed1647053b9ff9315,0.057223874
4db1535243a1bea42bc84163,52efd23b11d2203926fb167b,0.012961311
4db1535243a1bea42bc84163,51829721498ef3589c3c04a5,0.025469981
4db1535243a1bea42bc84163,4d00ae4d1ebe6dcbc49c8891,0.078524757
4d1335a5d0fda093324eb157,4e6e352ed1647053b9ff9315,0.308368916
4d1335a5d0fda093324eb157,4da1f378d686b60c37b1af28,0.249030832
4d1335a5d0fda093324eb157,5392bba3498ee0e5e0b5258f,0.058200103
4d1335a5d0fda093324eb157,52efd23b11d2203926fb167b,0.246191276
4d1335a5d0fda093324eb157,4db1535243a1bea42bc84163,0.255073526
5392bba3498ee0e5e0b5258f,4e6e352ed1647053b9ff9315,0.270115405
5392bba3498ee0e5e0b5258f,4da1f378d686b60c37b1af28,0.240155946
5392bba3498ee0e5e0b5258f,4d1335a5d0fda093324eb157,0.058200103
5392bba3498ee0e5e0b5258f,52efd23b11d2203926fb167b,0.203718826
5392bba3498ee0e5e0b5258f,4bb77d15cf2fc9b625449e02,5.707950255
5042691be4b055ecd356a70e,4ea9bbd302d52c460a8980d5,0.016148252
5042691be4b055ecd356a70e,4dc83b0efa76e6c130ddf009,0.032087847
4d9d743a83f36ea82234b894,4e872bc602d59509783b7486,0.080615924
4d9d743a83f36ea82234b894,4b73f92df964a5202ec22de3,0.044897755
4d9d743a83f36ea82234b894,4b98e3a5f964a520775435e3,0.564557655
4d9d743a83f36ea82234b894,4d4be007f523a143698f6f9d,0.126767209
4d9d743a83f36ea82234b894,4c837b6ed34ca14329c73580,0.217634482
5139fc8ae4b004aa50c9d237,4e872bc602d59509783b7486,0.123886267
5139fc8ae4b004aa50c9d237,4b73f92df964a5202ec22de3,0.121820359
5139fc8ae4b004aa50c9d237,4b98e3a5f964a520775435e3,0.448261716
5139fc8ae4b004aa50c9d237,4c837b6ed34ca14329c73580,0.337871067
4b79231cf964a520b0ec2ee3,4b98e3a5f964a520775435e3,0.18751748
4b79231cf964a520b0ec2ee3,4db11e66f7b1bd003ad6563f,0.420266493
4b79231cf964a520b0ec2ee3,5093d419e4b0d88895e1a40a,0.128309407
4b79231cf964a520b0ec2ee3,4b73f92df964a5202ec22de3,0.382393757
4b79231cf964a520b0ec2ee3,4e872bc602d59509783b7486,0.379098639
5093d419e4b0d88895e1a40a,4db11e66f7b1bd003ad6563f,0.291957145
5093d419e4b0d88895e1a40a,4b98e3a5f964a520775435e3,0.064932932
5093d419e4b0d88895e1a40a,4b73f92df964a5202ec22de3,0.508777581
5093d419e4b0d88895e1a40a,516df5b9f31cd0ea72e739cb,0.111360856
5093d419e4b0d88895e1a40a,4b79231cf964a520b0ec2ee3,0.128309407
4db11e66f7b1bd003ad6563f,4b98e3a5f964a520775435e3,0.237742696
4db11e66f7b1bd003ad6563f,5093d419e4b0d88895e1a40a,0.291957145
4db11e66f7b1bd003ad6563f,4e3c350fa809ba757bf8fa7d,1.389003342
4db11e66f7b1bd003ad6563f,4bb77d15cf2fc9b625449e02,1.431966508
4db11e66f7b1bd003ad6563f,4b73f92df964a5202ec22de3,0.798612641
516df5b9f31cd0ea72e739cb,4b73f92df964a5202ec22de3,0.400530922
516df5b9f31cd0ea72e739cb,4db11e66f7b1bd003ad6563f,0.403180037
516df5b9f31cd0ea72e739cb,4b98e3a5f964a520775435e3,0.169525392
516df5b9f31cd0ea72e739cb,4fd073eae4b03518ead765e2,0.010665237
516df5b9f31cd0ea72e739cb,5093d419e4b0d88895e1a40a,0.111360856
4c9b53239c663704381060fd,4b73f92df964a5202ec22de3,0.104672836
4c9b53239c663704381060fd,4e872bc602d59509783b7486,0.090437304
4c9b53239c663704381060fd,4eecbd37b634f7544267f687,0.046488075
4c9b53239c663704381060fd,51656059e4b0bc6385c9f2f6,0.048110616
4c9b53239c663704381060fd,50013226e4b025b2580c51aa,0.13116305
4dcaa1351f6e2812677b47b1,4e872bc602d59509783b7486,0.022240409
4dcaa1351f6e2812677b47b1,4b73f92df964a5202ec22de3,0.051411183
53a47071498e183ecb19e0cf,5464ed68498e2ccea45d99f3,0.18740075
53a47071498e183ecb19e0cf,55046dce498eac4a3a98a6df,0.164460865
53a47071498e183ecb19e0cf,5560589c498ef47ef83a4d60,0.158801216
53a47071498e183ecb19e0cf,55f5a11e498e0e311c40c623,0.15231925
53a47071498e183ecb19e0cf,4e6e352ed1647053b9ff9315,2.156467621
4b71ac92f964a52041552de3,4b70610df964a52094162de3,0.150735056
4b71ac92f964a52041552de3,4ed06c63b8f7971d6aaff4b6,0.076073135
4b71ac92f964a52041552de3,4f58742ae4b0e48a878ebeb7,0.092759008
4b71ac92f964a52041552de3,4bb77d15cf2fc9b625449e02,1.666833282
4b71ac92f964a52041552de3,4eb6ffc530f8d0f18d0507bf,2.077321987
509699e9e4b0e52fa47b9ed0,4b71ac92f964a52041552de3,0.901008222
509699e9e4b0e52fa47b9ed0,4bb77d15cf2fc9b625449e02,1.056792596
509699e9e4b0e52fa47b9ed0,4e88ab018b81affddc4d1f91,0.084085536
4f6cadffe4b032eb625233d5,4bb77d15cf2fc9b625449e02,0.425981757
4ead7c5f02d5cf33fa6f9014,4b7e983cf964a5206ef42fe3,5.137255387
4ead7c5f02d5cf33fa6f9014,4e5aba9a1f6e804280d74be3,2.993829131
5229e9e6498e14e4533bca01,4b7e983cf964a5206ef42fe3,0.026859446
4e663c9c7d8b85408b4502ca,4d88b40176e1236a95b9f542,0.086492871
4e663c9c7d8b85408b4502ca,4b7e983cf964a5206ef42fe3,0.322212508
4e663c9c7d8b85408b4502ca,4bf558076a31d13a3abe962e,0.072168652
4e663c9c7d8b85408b4502ca,52efd23b11d2203926fb13b2,0.116557305
4e663c9c7d8b85408b4502ca,4dd69987b0fb8af38070e940,0.130013761
4dd69987b0fb8af38070e940,4ecfd1a06c2510ace0371373,0.02565611
4dd69987b0fb8af38070e940,4e663c9c7d8b85408b4502ca,0.130013761
4dd69987b0fb8af38070e940,4b7e983cf964a5206ef42fe3,0.432269617
4dd69987b0fb8af38070e940,4bf558076a31d13a3abe962e,0.08663448
4e8db67782319c780c61818b,4e3c350fa809ba757bf8fa7d,0.020285431
4e8db67782319c780c61818b,4bb77d15cf2fc9b625449e02,2.832066746
4e8db67782319c780c61818b,502d7916e4b0648636b82c30,0.019509616
534bf554498ed7aa62e540db,5298688b498ecb8271e30ab9,0.029172424
534bf554498ed7aa62e540db,52b14373498e004fbc08f62d,0.169680989
534bf554498ed7aa62e540db,4bb60acd46d4a5932198c5c0,3.018838521
534bf554498ed7aa62e540db,4ba8dc8ff964a52005f539e3,3.496586036
534bf554498ed7aa62e540db,4b7707bff964a52018762ee3,1.739029026
5298688b498ecb8271e30ab9,534bf554498ed7aa62e540db,0.029172424
5298688b498ecb8271e30ab9,52b14373498e004fbc08f62d,0.198357518
5298688b498ecb8271e30ab9,4f8a67fde4b0b1c4b0abb270,0.242702617
5298688b498ecb8271e30ab9,50a2381ce4b090c28572ad4e,2.309404336
5298688b498ecb8271e30ab9,53d400e8498edbfdf1a3040f,1.514434648
4f05abfab8f7dcbb400bac99,4c798fc193ef236aa517b00f,0.455728519
4f05abfab8f7dcbb400bac99,4f8a67fde4b0b1c4b0abb270,0.358154119
4f05abfab8f7dcbb400bac99,4bb60acd46d4a5932198c5c0,3.106135407
4f05abfab8f7dcbb400bac99,4f4bd898e4b0927adc54c536,0.593708503
4bcd8beefb84c9b6021f223e,4b78de8df964a52018e52ee3,0.059324266
4ea56ab7b80355a982f8cfa3,50583de6e4b02ba603de9f2e,0.677321189
4ea56ab7b80355a982f8cfa3,4b78de8df964a52018e52ee3,0.232772389
4ea56ab7b80355a982f8cfa3,4b7707bff964a52018762ee3,2.275339183
4ea56ab7b80355a982f8cfa3,4bb77d15cf2fc9b625449e02,4.396300276
4ea56ab7b80355a982f8cfa3,4d9dd2577865a0935060f07a,8.355196531
4c2378557e85c9283495bd21,4bcd8beefb84c9b6021f223e,0.117029392
51756c70e4b0182f6ca786f4,4ed66539f5b93be4f35c875f,6.917121132
51756c70e4b0182f6ca786f4,514a25f2e4b0b12bdd3b4f96,1.756261606
51756c70e4b0182f6ca786f4,50ffb51fe4b0a49395f7f300,0.572695648
51756c70e4b0182f6ca786f4,51eb1639498e26411f626c3a,0.355711439
5549cd61498eed23444af7c6,54d9b9fa498ea38f91e08406,0.040005395
5549cd61498eed23444af7c6,51b71123498e9e19f9763314,6.162461847
5549cd61498eed23444af7c6,54f48dd8498e5a79cca0d7e5,0.048041305
5549cd61498eed23444af7c6,557688ca498ec52dd0d73549,1.595560283
5549cd61498eed23444af7c6,4b7707bff964a52018762ee3,12.24347439
4ea9bbd302d52c460a8980d5,4ed66539f5b93be4f35c875f,5.159453914
4ea9bbd302d52c460a8980d5,4dc83b0efa76e6c130ddf009,0.021416892
4ea9bbd302d52c460a8980d5,5154821de4b0284e3e6efa72,1.022912708
4d4be007f523a143698f6f9d,4e872bc602d59509783b7486,0.071784837
4d4be007f523a143698f6f9d,4b73f92df964a5202ec22de3,0.087544713
4d4be007f523a143698f6f9d,4b98e3a5f964a520775435e3,0.634452982
4d4be007f523a143698f6f9d,4c837b6ed34ca14329c73580,0.209760654
4d4be007f523a143698f6f9d,4eecbd37b634f7544267f687,0.186867296
4fd073eae4b03518ead765e2,516df5b9f31cd0ea72e739cb,0.010665237
4fd073eae4b03518ead765e2,4b98e3a5f964a520775435e3,0.177722481
4fd073eae4b03518ead765e2,4b73f92df964a5202ec22de3,0.39213855
4fd073eae4b03518ead765e2,4b79231cf964a520b0ec2ee3,0.010333733
4fd073eae4b03518ead765e2,4db11e66f7b1bd003ad6563f,0.410040197
50013226e4b025b2580c51aa,4e872bc602d59509783b7486,0.081484992
50013226e4b025b2580c51aa,4c837b6ed34ca14329c73580,0.20859528
50013226e4b025b2580c51aa,4b98e3a5f964a520775435e3,0.573705478
50013226e4b025b2580c51aa,4f78ad95e4b00562b70989fa,0.134048147
5464ed68498e2ccea45d99f3,55046dce498eac4a3a98a6df,0.042042219
5464ed68498e2ccea45d99f3,53a47071498e183ecb19e0cf,0.18740075
5464ed68498e2ccea45d99f3,5560589c498ef47ef83a4d60,0.047704982
5464ed68498e2ccea45d99f3,55f5a11e498e0e311c40c623,0.149412185
5464ed68498e2ccea45d99f3,55a923d5498e3f6acc563a51,0.038391222
55046dce498eac4a3a98a6df,53a47071498e183ecb19e0cf,0.164460865
55046dce498eac4a3a98a6df,5464ed68498e2ccea45d99f3,0.042042219
55046dce498eac4a3a98a6df,5560589c498ef47ef83a4d60,0.006579078
55046dce498eac4a3a98a6df,55f5a11e498e0e311c40c623,0.164498087
55046dce498eac4a3a98a6df,54a97aa3498e1d3830c722a6,0.176797442
5560589c498ef47ef83a4d60,53a47071498e183ecb19e0cf,0.158801216
5560589c498ef47ef83a4d60,5464ed68498e2ccea45d99f3,0.047704982
5560589c498ef47ef83a4d60,55f5a11e498e0e311c40c623,0.164082275
5560589c498ef47ef83a4d60,55046dce498eac4a3a98a6df,0.006579078
55f5a11e498e0e311c40c623,5464ed68498e2ccea45d99f3,0.149412185
55f5a11e498e0e311c40c623,53a47071498e183ecb19e0cf,0.15231925
55f5a11e498e0e311c40c623,55046dce498eac4a3a98a6df,0.164498087
55f5a11e498e0e311c40c623,5560589c498ef47ef83a4d60,0.164082275
4b70610df964a52094162de3,4bb77d15cf2fc9b625449e02,1.697158439
4b70610df964a52094162de3,4b71ac92f964a52041552de3,0.150735056
4b70610df964a52094162de3,503fc56ce4b0931eb5c83e21,3.529026963
4b70610df964a52094162de3,4c01291ccf3aa5935b88ccb0,0.303266989
4b70610df964a52094162de3,4bedc48b946c0f4721e6a263,2.087465509
4ed06c63b8f7971d6aaff4b6,4bb77d15cf2fc9b625449e02,1.591618929
4e88ab018b81affddc4d1f91,4bb77d15cf2fc9b625449e02,0.978381586
502d7916e4b0648636b82c30,4e3c350fa809ba757bf8fa7d,0.0397839
4f8a67fde4b0b1c4b0abb270,4bb60acd46d4a5932198c5c0,2.748074678
4f8a67fde4b0b1c4b0abb270,4b7707bff964a52018762ee3,1.548918671
4f8a67fde4b0b1c4b0abb270,4ba8dc8ff964a52005f539e3,3.225189705
4f8a67fde4b0b1c4b0abb270,5298688b498ecb8271e30ab9,0.242702617
4f8a67fde4b0b1c4b0abb270,4bc6d588f360ef3b943fdc2d,3.145834493
53d400e8498edbfdf1a3040f,4b7707bff964a52018762ee3,0.217445972
53d400e8498edbfdf1a3040f,4b9151a4f964a520bab233e3,1.247961001
53d400e8498edbfdf1a3040f,52c43f83498e0450ea105486,0.122932392
53d400e8498edbfdf1a3040f,5298688b498ecb8271e30ab9,1.514434648
53d400e8498edbfdf1a3040f,4b897856f964a520503932e3,3.347980528
4c798fc193ef236aa517b00f,50a2381ce4b090c28572ad4e,2.650150102
4c798fc193ef236aa517b00f,4f252b1be4b006e5c2e68f30,0.881679161
4c798fc193ef236aa517b00f,51b22ffa498eec8aca67b1d4,0.02668221
4c798fc193ef236aa517b00f,4f8a67fde4b0b1c4b0abb270,0.10850228
4c798fc193ef236aa517b00f,4dc1a59845dd472e9b7cb9a7,2.643983784
4f4bd898e4b0927adc54c536,4bb60acd46d4a5932198c5c0,3.690380969
4f4bd898e4b0927adc54c536,4ba8dc8ff964a52005f539e3,4.171983743
4f4bd898e4b0927adc54c536,50a2381ce4b090c28572ad4e,1.604597518
4f4bd898e4b0927adc54c536,4b865e39f964a520968731e3,2.192395355
4f4bd898e4b0927adc54c536,4f08a180e4b0aa2dc691b185,2.022117913
50ffb51fe4b0a49395f7f300,4fe6aab2e4b02db7ae3cb88c,1.773056627
54d9b9fa498ea38f91e08406,5549cd61498eed23444af7c6,0.040005395
54d9b9fa498ea38f91e08406,54f48dd8498e5a79cca0d7e5,0.010123357
54f48dd8498e5a79cca0d7e5,5549cd61498eed23444af7c6,0.048041305
557688ca498ec52dd0d73549,5549cd61498eed23444af7c6,1.595560283
557688ca498ec52dd0d73549,553a0ac0498e07485ab6eb39,0.011410117
557688ca498ec52dd0d73549,560a6995498e3c55b65fd97f,0.022554308
4f78ad95e4b00562b70989fa,4b73f92df964a5202ec22de3,0.142318348
4f78ad95e4b00562b70989fa,4e872bc602d59509783b7486,0.15525332
4f78ad95e4b00562b70989fa,4c837b6ed34ca14329c73580,0.339292838
4f78ad95e4b00562b70989fa,4b98e3a5f964a520775435e3,0.441536946
4f78ad95e4b00562b70989fa,4c9b53239c663704381060fd,0.103232123
54a97aa3498e1d3830c722a6,53a47071498e183ecb19e0cf,0.085624641
54a97aa3498e1d3830c722a6,5464ed68498e2ccea45d99f3,0.180545417
54a97aa3498e1d3830c722a6,55046dce498eac4a3a98a6df,0.176797442
54a97aa3498e1d3830c722a6,55f5a11e498e0e311c40c623,0.078832948
503fc56ce4b0931eb5c83e21,4bf4527ecad2c928d8c89b99,0.209951469
503fc56ce4b0931eb5c83e21,4bc6d588f360ef3b943fdc2d,2.050387794
503fc56ce4b0931eb5c83e21,4de02b6645dd3eae8767be63,2.049997591
503fc56ce4b0931eb5c83e21,4c0e96c1c6cf76b028fb8051,0.100553336
503fc56ce4b0931eb5c83e21,50a2381ce4b090c28572ad4e,7.04425456
4c01291ccf3aa5935b88ccb0,4b71ac92f964a52041552de3,0.340883679
4bedc48b946c0f4721e6a263,4c2c9f6ab34ad13aba8cebce,0.238709391
4bedc48b946c0f4721e6a263,4b7707bff964a52018762ee3,1.319706859
4bedc48b946c0f4721e6a263,4bb77d15cf2fc9b625449e02,3.761174702
4bedc48b946c0f4721e6a263,4c061760761ac9b641722074,0.690195708
4bedc48b946c0f4721e6a263,4bd33f9ca8b3a593377a695f,17.18063593
52c43f83498e0450ea105486,53d400e8498edbfdf1a3040f,0.122932392
52c43f83498e0450ea105486,4b7707bff964a52018762ee3,0.340145144
52c43f83498e0450ea105486,4b9151a4f964a520bab233e3,1.366747292
52c43f83498e0450ea105486,5318cc05498e56c34b1ff045,0.108834613
4b897856f964a520503932e3,4b744910f964a52093d22de3,0.25440729
4b897856f964a520503932e3,4d3c618eaf8ca1432c3d01f7,1.114862336
4b897856f964a520503932e3,4dff6b25ae605b47b1757f8b,1.160825552
4b897856f964a520503932e3,4d9dd2577865a0935060f07a,12.0261406
4b897856f964a520503932e3,4c84299051ada1cdb8ca2c10,20.24806776
4f252b1be4b006e5c2e68f30,4c798fc193ef236aa517b00f,0.881679161
4f252b1be4b006e5c2e68f30,4ecb2a4802d50c9c5a7e0848,1.553730487
4f252b1be4b006e5c2e68f30,4bb60acd46d4a5932198c5c0,3.523795044
4f252b1be4b006e5c2e68f30,4bc6d588f360ef3b943fdc2d,3.886275318
4f252b1be4b006e5c2e68f30,4f8a67fde4b0b1c4b0abb270,0.781006679
51b22ffa498eec8aca67b1d4,4c798fc193ef236aa517b00f,0.02668221
51b22ffa498eec8aca67b1d4,50a2381ce4b090c28572ad4e,2.675365051
51b22ffa498eec8aca67b1d4,5298688b498ecb8271e30ab9,0.366824787
4b865e39f964a520968731e3,4f08a180e4b0aa2dc691b185,0.170739106
4b865e39f964a520968731e3,4bb60acd46d4a5932198c5c0,1.500256621
4b865e39f964a520968731e3,4dff6b25ae605b47b1757f8b,1.585828501
4b865e39f964a520968731e3,4b7707bff964a52018762ee3,1.267412793
4b865e39f964a520968731e3,4cc9bc93d338236a9c6ba47c,0.050568263
4f08a180e4b0aa2dc691b185,51e84d06498ea35b580546b1,0.131966343
4f08a180e4b0aa2dc691b185,4b865e39f964a520968731e3,0.170739106
4f08a180e4b0aa2dc691b185,4bb60acd46d4a5932198c5c0,1.669451063
4f08a180e4b0aa2dc691b185,4cc9bc93d338236a9c6ba47c,0.126852243
4f08a180e4b0aa2dc691b185,4b7707bff964a52018762ee3,1.258340829
553a0ac0498e07485ab6eb39,557688ca498ec52dd0d73549,0.011410117
560a6995498e3c55b65fd97f,561920ab498e0c5c48df227d,0.018129067
560a6995498e3c55b65fd97f,5549cd61498eed23444af7c6,1.574901393
560a6995498e3c55b65fd97f,557688ca498ec52dd0d73549,0.022554308
4bf4527ecad2c928d8c89b99,4c0e96c1c6cf76b028fb8051,0.168456737
4bf4527ecad2c928d8c89b99,5633543e498efb57821f71ef,0.028859092
4bf4527ecad2c928d8c89b99,503fc56ce4b0931eb5c83e21,0.209951469
4bf4527ecad2c928d8c89b99,5540d43b498eccfc106a61f6,0.094762971
4bf4527ecad2c928d8c89b99,4c46824089a6c9b6ad8e9788,0.818133055
4c0e96c1c6cf76b028fb8051,4bf4527ecad2c928d8c89b99,0.168456737
4c0e96c1c6cf76b028fb8051,4b73f92df964a5202ec22de3,5.657594532
4c0e96c1c6cf76b028fb8051,503fc56ce4b0931eb5c83e21,0.100553336
4c2c9f6ab34ad13aba8cebce,4bedc48b946c0f4721e6a263,0.238709391
4c2c9f6ab34ad13aba8cebce,51816e24498e208c8ca3f1bd,0.052259758
4c2c9f6ab34ad13aba8cebce,4bf4527ecad2c928d8c89b99,1.751703465
4c2c9f6ab34ad13aba8cebce,4c0f9c36c6cf76b099888251,0.904096206
4c2c9f6ab34ad13aba8cebce,4e74f5b61495be5170e9059d,0.652444735
4c061760761ac9b641722074,4b7707bff964a52018762ee3,1.093939283
4c061760761ac9b641722074,4c0f9c36c6cf76b099888251,0.346323222
4c061760761ac9b641722074,4d1de1b8dd6a236a44642138,0.008570843
4c061760761ac9b641722074,4bc6d588f360ef3b943fdc2d,0.830954438
4c061760761ac9b641722074,4de02b6645dd3eae8767be63,1.695116429
4bd33f9ca8b3a593377a695f,4cddb2deaba88cfae2613cd7,0.323396729
4bd33f9ca8b3a593377a695f,4ecf96928231b9ef87897f6a,3.180240813
4bd33f9ca8b3a593377a695f,4e6e352ed1647053b9ff9315,8.286014084
4ecb2a4802d50c9c5a7e0848,4dbd47e20cb691071cb6454a,0.073691277
4ecb2a4802d50c9c5a7e0848,4b838dfcf964a520950931e3,0.086276977
4ecb2a4802d50c9c5a7e0848,4bb60acd46d4a5932198c5c0,1.970077158
4ecb2a4802d50c9c5a7e0848,4f08a180e4b0aa2dc691b185,0.304152616
4ecb2a4802d50c9c5a7e0848,4bc6d588f360ef3b943fdc2d,2.524774275
4cc9bc93d338236a9c6ba47c,4f08a180e4b0aa2dc691b185,0.126852243
4cc9bc93d338236a9c6ba47c,4b865e39f964a520968731e3,0.050568263
4cc9bc93d338236a9c6ba47c,4bb60acd46d4a5932198c5c0,1.542727717
4cc9bc93d338236a9c6ba47c,4b7707bff964a52018762ee3,1.284225984
4cc9bc93d338236a9c6ba47c,4bea77e6a9900f47f3841640,0.119295014
51e84d06498ea35b580546b1,51b71123498e9e19f9763314,7.427696418
51e84d06498ea35b580546b1,4d3c618eaf8ca1432c3d01f7,3.530311756
51e84d06498ea35b580546b1,4d7bb3f9136bf04d87f4508d,1.336405995
51e84d06498ea35b580546b1,4b897856f964a520503932e3,2.998619053
51e84d06498ea35b580546b1,4b9151a4f964a520bab233e3,1.673548328
561920ab498e0c5c48df227d,560a6995498e3c55b65fd97f,0.018129067
5633543e498efb57821f71ef,4bf4527ecad2c928d8c89b99,0.028859092
5633543e498efb57821f71ef,555c9aa6498e86f0d8a20e2d,0.089197086
5540d43b498eccfc106a61f6,4bf4527ecad2c928d8c89b99,0.094762971
5540d43b498eccfc106a61f6,5633543e498efb57821f71ef,0.123529425
5540d43b498eccfc106a61f6,4b4838e9f964a520544a26e3,3.579427407
5540d43b498eccfc106a61f6,4f58fc5ee4b059140e9488b3,0.163932254
4c46824089a6c9b6ad8e9788,4b7707bff964a52018762ee3,2.922874548
4c46824089a6c9b6ad8e9788,4bf4527ecad2c928d8c89b99,0.818133055
4c46824089a6c9b6ad8e9788,4bb324ee42959c74f790212c,0.030962774
4c46824089a6c9b6ad8e9788,4de02b6645dd3eae8767be63,1.040625709
4c46824089a6c9b6ad8e9788,4bc6d588f360ef3b943fdc2d,1.242162167
4d1de1b8dd6a236a44642138,4c061760761ac9b641722074,0.008570843
4d1de1b8dd6a236a44642138,4b7707bff964a52018762ee3,1.092740466
4d1de1b8dd6a236a44642138,4c47542096abd13aad637001,0.283207393
4d1de1b8dd6a236a44642138,503fc56ce4b0931eb5c83e21,2.357478036
4d1de1b8dd6a236a44642138,4d04b06554d0236a6594f0d5,0.294891013
4cddb2deaba88cfae2613cd7,4bedc48b946c0f4721e6a263,17.0303741
4cddb2deaba88cfae2613cd7,4bd33f9ca8b3a593377a695f,0.323396729
4cddb2deaba88cfae2613cd7,4bb77d15cf2fc9b625449e02,13.68031379
4cddb2deaba88cfae2613cd7,51b0742e498efa39152a88ff,6.109081374
4ecf96928231b9ef87897f6a,51120d23e4b0fe8b7a8d994b,31.15168509
4ecf96928231b9ef87897f6a,4f3d6f66e4b0e602915a447c,3.503591741
4ecf96928231b9ef87897f6a,4f4a7820e4b07165fb4b3bcb,3.949694532
4ecf96928231b9ef87897f6a,4e88b75429c2ea60eefec400,2.673939186
4ecf96928231b9ef87897f6a,4f7b1174e4b0c69aa41e5d23,9.836876839
4dbd47e20cb691071cb6454a,4ecb2a4802d50c9c5a7e0848,0.073691277
4dbd47e20cb691071cb6454a,4b865e39f964a520968731e3,0.477623277
4dbd47e20cb691071cb6454a,4bb60acd46d4a5932198c5c0,1.959258528
4dbd47e20cb691071cb6454a,4c798fc193ef236aa517b00f,0.725659602
4dbd47e20cb691071cb6454a,4b7707bff964a52018762ee3,1.380352569
4b838dfcf964a520950931e3,4bb60acd46d4a5932198c5c0,1.980017025
4b838dfcf964a520950931e3,4ecb2a4802d50c9c5a7e0848,0.086276977
4b838dfcf964a520950931e3,4b7707bff964a52018762ee3,1.226409579
4b838dfcf964a520950931e3,4dbd47e20cb691071cb6454a,0.159864877
4b838dfcf964a520950931e3,4dff6b25ae605b47b1757f8b,2.054839449
4bea77e6a9900f47f3841640,4f08a180e4b0aa2dc691b185,0.236470115
555c9aa6498e86f0d8a20e2d,5633543e498efb57821f71ef,0.089197086
555c9aa6498e86f0d8a20e2d,4bf4527ecad2c928d8c89b99,0.076583042
555c9aa6498e86f0d8a20e2d,5540d43b498eccfc106a61f6,0.109554583
555c9aa6498e86f0d8a20e2d,4e5174a318a8af30fda1a228,1.082779446
555c9aa6498e86f0d8a20e2d,4b6c29c2f964a52011272ce3,2.109426099
4f58fc5ee4b059140e9488b3,4bf4527ecad2c928d8c89b99,0.141302677
4f58fc5ee4b059140e9488b3,4eeb82628b814fef89abbc58,0.01402518
4f58fc5ee4b059140e9488b3,512f398ce4b05cdd1779d189,0.143054576
4f58fc5ee4b059140e9488b3,4de02b6645dd3eae8767be63,1.781111312
4f58fc5ee4b059140e9488b3,5012fb8de4b0f8ec77f1da9d,0.060241474
4bb324ee42959c74f790212c,4c46824089a6c9b6ad8e9788,0.030962774
4bb324ee42959c74f790212c,4bf4527ecad2c928d8c89b99,0.841400379
4bb324ee42959c74f790212c,4bcf4b08b221c9b61dc0d1d0,0.222076153
4bb324ee42959c74f790212c,4be866169a54a593b7ec0911,6.762860428
4bb324ee42959c74f790212c,4cd190ef7b685481edc9c7f8,0.025144645
4d04b06554d0236a6594f0d5,4c47542096abd13aad637001,0.10609281
4d04b06554d0236a6594f0d5,4bedc48b946c0f4721e6a263,0.865828243
4d04b06554d0236a6594f0d5,4bcc31a7b6c49c74e64b9391,2.226105687
4d04b06554d0236a6594f0d5,4b9151a4f964a520bab233e3,0.283862507
4d04b06554d0236a6594f0d5,4bc6d588f360ef3b943fdc2d,1.035025018
51b0742e498efa39152a88ff,5187a8c1498ea7ade1f0fea5,0.040228871
51b0742e498efa39152a88ff,4e6e352ed1647053b9ff9315,2.451984081
51b0742e498efa39152a88ff,4cddb2deaba88cfae2613cd7,6.109081374
51b0742e498efa39152a88ff,54b82104498ed2e15d56349d,0.880252262
51b0742e498efa39152a88ff,4b71035af964a52053372de3,4.136538067
51120d23e4b0fe8b7a8d994b,4ecf96928231b9ef87897f6a,31.15168509
51120d23e4b0fe8b7a8d994b,4f744674e4b026e79186b5e4,11.35896298
51120d23e4b0fe8b7a8d994b,5273c53111d2ec099a13fe9a,5.159135601
51120d23e4b0fe8b7a8d994b,526bc398498edc288cd3af17,6.064830218
51120d23e4b0fe8b7a8d994b,4f6b3475e4b0b949c4bff64e,14.49425013
4f3d6f66e4b0e602915a447c,4ecf96928231b9ef87897f6a,3.503591741
4f3d6f66e4b0e602915a447c,4e88b75429c2ea60eefec400,0.832927698
4f3d6f66e4b0e602915a447c,4f7b1174e4b0c69aa41e5d23,13.31942504
4e88b75429c2ea60eefec400,4ecf96928231b9ef87897f6a,2.673939186
4f7b1174e4b0c69aa41e5d23,4f8dfd2ce4b0cb22872a2bf3,0.022912995
4f7b1174e4b0c69aa41e5d23,4f82f949e4b0c7b857825375,0.011020008
4f7b1174e4b0c69aa41e5d23,4f8dfe66e4b0036b6ebffec4,0.011088207
4f7b1174e4b0c69aa41e5d23,4fb131ece4b0df0ef84ebd4a,1.608578845
4f7b1174e4b0c69aa41e5d23,5179bdf3e4b045ea63e2b5be,1.549098566
4b6c29c2f964a52011272ce3,4b7e983cf964a5206ef42fe3,7.539845877
4b6c29c2f964a52011272ce3,4c9e9ab16c4795218a76810c,4.378763272
4b6c29c2f964a52011272ce3,4bf4527ecad2c928d8c89b99,2.126029663
4b6c29c2f964a52011272ce3,4de02b6645dd3eae8767be63,3.761952992
4b6c29c2f964a52011272ce3,51e06a2b498ed38b41183bea,1.910108287
4eeb82628b814fef89abbc58,512f398ce4b05cdd1779d189,0.141138299
4eeb82628b814fef89abbc58,4bf4527ecad2c928d8c89b99,0.14262385
4eeb82628b814fef89abbc58,5012fb8de4b0f8ec77f1da9d,0.073910858
4eeb82628b814fef89abbc58,4f58fc5ee4b059140e9488b3,0.01402518
4eeb82628b814fef89abbc58,4b7707bff964a52018762ee3,3.266602501
512f398ce4b05cdd1779d189,4f561bcae4b0d0433013e4ee,0.082812483
512f398ce4b05cdd1779d189,4bc6d588f360ef3b943fdc2d,1.863645474
512f398ce4b05cdd1779d189,4bf4527ecad2c928d8c89b99,0.28365315
512f398ce4b05cdd1779d189,4c03ff16310fc9b6b1a8c661,1.229847286
512f398ce4b05cdd1779d189,50c6cf08e4b0480110816f92,1.691242872
5012fb8de4b0f8ec77f1da9d,4bf4527ecad2c928d8c89b99,0.164524193
5012fb8de4b0f8ec77f1da9d,4e74f5b61495be5170e9059d,1.164946104
5012fb8de4b0f8ec77f1da9d,4eeb82628b814fef89abbc58,0.073910858
5012fb8de4b0f8ec77f1da9d,4c46824089a6c9b6ad8e9788,0.683439852
5012fb8de4b0f8ec77f1da9d,4b7707bff964a52018762ee3,3.208458028
4bcf4b08b221c9b61dc0d1d0,4de02b6645dd3eae8767be63,0.80026622
4bcf4b08b221c9b61dc0d1d0,4bb324ee42959c74f790212c,0.222076153
4bcf4b08b221c9b61dc0d1d0,4bf4527ecad2c928d8c89b99,1.057731784
4bcf4b08b221c9b61dc0d1d0,503fc56ce4b0931eb5c83e21,1.253127407
4cd190ef7b685481edc9c7f8,4c46824089a6c9b6ad8e9788,0.029413457
4cd190ef7b685481edc9c7f8,4e99dbdfbe7bc875aa42960b,0.058375447
4cd190ef7b685481edc9c7f8,4f47ce0be4b0c8395ee2c605,0.727791393
4cd190ef7b685481edc9c7f8,4bb324ee42959c74f790212c,0.025144645
4cd190ef7b685481edc9c7f8,4de02b6645dd3eae8767be63,1.011282729
4bcc31a7b6c49c74e64b9391,4bc6d588f360ef3b943fdc2d,1.896714582
4bcc31a7b6c49c74e64b9391,4bf4527ecad2c928d8c89b99,0.683976824
4bcc31a7b6c49c74e64b9391,4c03ff16310fc9b6b1a8c661,1.086224165
4bcc31a7b6c49c74e64b9391,4b7707bff964a52018762ee3,2.83329018
4bcc31a7b6c49c74e64b9391,50c6cf08e4b0480110816f92,1.733264542
5187a8c1498ea7ade1f0fea5,51b0742e498efa39152a88ff,0.040228871
5187a8c1498ea7ade1f0fea5,4e6e352ed1647053b9ff9315,2.427447038
5187a8c1498ea7ade1f0fea5,4bd33f9ca8b3a593377a695f,6.183133811
5187a8c1498ea7ade1f0fea5,4c3344e266e40f47ecafc78b,7.503349096
5187a8c1498ea7ade1f0fea5,4cddb2deaba88cfae2613cd7,6.147999425
54b82104498ed2e15d56349d,535fb4d4498e4b329111e534,0.086461665
54b82104498ed2e15d56349d,54afd342498e564e8687f68b,0.155243031
54b82104498ed2e15d56349d,5495d78e498e1fbdde634658,0.034540862
4b71035af964a52053372de3,4ba24acef964a52067ea37e3,0.378256072
4b71035af964a52053372de3,4e6e352ed1647053b9ff9315,2.699332055
4b71035af964a52053372de3,4b7707bff964a52018762ee3,9.712106399
4b71035af964a52053372de3,4b8000ddf964a520104a30e3,0.584112231
4b71035af964a52053372de3,4b7e983cf964a5206ef42fe3,12.27316313
4f8dfd2ce4b0cb22872a2bf3,4f7b1174e4b0c69aa41e5d23,0.022912995
4f8dfd2ce4b0cb22872a2bf3,4f8dfe66e4b0036b6ebffec4,0.012357323
4f82f949e4b0c7b857825375,4f7b1174e4b0c69aa41e5d23,0.011020008
4f8dfe66e4b0036b6ebffec4,4f7b1174e4b0c69aa41e5d23,0.011088207
4fb131ece4b0df0ef84ebd4a,4f7b1174e4b0c69aa41e5d23,1.608578845
4fb131ece4b0df0ef84ebd4a,52efd23b11d2203926fb13d2,0.024578905
4fb131ece4b0df0ef84ebd4a,4ff8433ee4b002d4d3d4992c,0.079711791
4fb131ece4b0df0ef84ebd4a,51865d865019e19c41709a6b,0.057066887
4fb131ece4b0df0ef84ebd4a,555f6da2498eb806fd973388,2.230149907
5179bdf3e4b045ea63e2b5be,51865d865019e19c41709a6b,0.008194422
5179bdf3e4b045ea63e2b5be,52efd23b11d2203926fb13d2,0.039774362
5179bdf3e4b045ea63e2b5be,51929f90498e72002b46a05a,0.010416856
5179bdf3e4b045ea63e2b5be,4ff8433ee4b002d4d3d4992c,0.018958424
5179bdf3e4b045ea63e2b5be,4fb131ece4b0df0ef84ebd4a,0.061709203
4c9e9ab16c4795218a76810c,4ff58b5ae4b038644a9a08be,0.052107939
4c9e9ab16c4795218a76810c,4e7b3595dab41c8304c23e3e,0.038941103
4c9e9ab16c4795218a76810c,4f3566dde4b0d605a55343aa,0.116912219
4c9e9ab16c4795218a76810c,4e779471d22d80eb34249414,0.045404554
4c9e9ab16c4795218a76810c,5049e167e4b0568d3c3d5d5d,0.223111149
51e06a2b498ed38b41183bea,4f08a3e6e4b0540ca2543782,0.808771979
51e06a2b498ed38b41183bea,50e4021b582f294b85631919,2.49783946
51e06a2b498ed38b41183bea,511bf7dbe4b00262d9f2572a,0.920608446
51e06a2b498ed38b41183bea,4b6c29c2f964a52011272ce3,1.910108287
51e06a2b498ed38b41183bea,4da5ec8a4b2280544b678da0,2.432940945
4f561bcae4b0d0433013e4ee,512f398ce4b05cdd1779d189,0.082812483
4f561bcae4b0d0433013e4ee,4bf4527ecad2c928d8c89b99,0.237319904
4f561bcae4b0d0433013e4ee,503fc56ce4b0931eb5c83e21,0.297242983
4f561bcae4b0d0433013e4ee,4c192a06d4d9c928c28df029,1.376150749
4f561bcae4b0d0433013e4ee,5012fb8de4b0f8ec77f1da9d,0.154278177
4e99dbdfbe7bc875aa42960b,4cd190ef7b685481edc9c7f8,0.058375447
4e99dbdfbe7bc875aa42960b,4c46824089a6c9b6ad8e9788,0.087777366
4f47ce0be4b0c8395ee2c605,4bc6d588f360ef3b943fdc2d,0.879352203
4f47ce0be4b0c8395ee2c605,4de02b6645dd3eae8767be63,0.283931789
535fb4d4498e4b329111e534,5495d78e498e1fbdde634658,0.052979848
535fb4d4498e4b329111e534,54a2adb4498e1c9f0f01199b,0.39286957
535fb4d4498e4b329111e534,553019f9498ef7e26706245c,0.032135394
535fb4d4498e4b329111e534,543434a0498e92eb4a7edc7e,0.31259366
535fb4d4498e4b329111e534,54b4275b498e143afedbd2ce,0.066285982
54afd342498e564e8687f68b,54a2adb4498e1c9f0f01199b,0.165308677
54afd342498e564e8687f68b,543434a0498e92eb4a7edc7e,0.086774237
4ba24acef964a52067ea37e3,4b8b3da7f964a5200c9932e3,2.250418856
4ba24acef964a52067ea37e3,4b8000ddf964a520104a30e3,0.239003994
4ba24acef964a52067ea37e3,4c7c1f55566db60c31c34c0e,0.215345695
4ba24acef964a52067ea37e3,4e6e352ed1647053b9ff9315,2.95615406
4ba24acef964a52067ea37e3,50fc444ce4b01d6661cfd1ae,3.737456785
4b8000ddf964a520104a30e3,4c7c1f55566db60c31c34c0e,0.030635998
4b8000ddf964a520104a30e3,50edd1d8e4b0ac5005413959,0.070725175
4b8000ddf964a520104a30e3,4e6e352ed1647053b9ff9315,2.993686092
4b8000ddf964a520104a30e3,4b7fff0bf964a520924930e3,0.053009932
4b8000ddf964a520104a30e3,50cce48ae4b0af44609d456a,0.103378682
52efd23b11d2203926fb13d2,51865d865019e19c41709a6b,0.037083343
52efd23b11d2203926fb13d2,53a47071498e183ecb19e0cf,4.747790973
52efd23b11d2203926fb13d2,51929f90498e72002b46a05a,0.033786508
52efd23b11d2203926fb13d2,4fb131ece4b0df0ef84ebd4a,0.024578905
52efd23b11d2203926fb13d2,5179bdf3e4b045ea63e2b5be,0.039774362
4ff8433ee4b002d4d3d4992c,4fb131ece4b0df0ef84ebd4a,0.079711791
4ff8433ee4b002d4d3d4992c,51865d865019e19c41709a6b,0.022729665
4ff8433ee4b002d4d3d4992c,51081ee0e4b093dcac39e0ec,0.016205082
4ff8433ee4b002d4d3d4992c,4f7b1174e4b0c69aa41e5d23,1.530216354
4ff8433ee4b002d4d3d4992c,519e2a43498e352a6e5be4de,0.020223727
51865d865019e19c41709a6b,52efd23b11d2203926fb13d2,0.037083343
51865d865019e19c41709a6b,51929f90498e72002b46a05a,0.015625567
51865d865019e19c41709a6b,4fb131ece4b0df0ef84ebd4a,0.057066887
51865d865019e19c41709a6b,50716385e4b0559b4dbfcd84,0.018193719
51865d865019e19c41709a6b,5155aaffe4b0ea6b60f6a57a,0.019812413
51929f90498e72002b46a05a,51865d865019e19c41709a6b,0.015625567
4ff58b5ae4b038644a9a08be,4c9e9ab16c4795218a76810c,0.052107939
4e7b3595dab41c8304c23e3e,4c9e9ab16c4795218a76810c,0.038941103
4e7b3595dab41c8304c23e3e,4b503b59f964a520dc1e27e3,3.567243532
4e7b3595dab41c8304c23e3e,50b45217e4b03acff4f2bacd,2.543534919
4e7b3595dab41c8304c23e3e,4ba8dc8ff964a52005f539e3,3.043941628
4e7b3595dab41c8304c23e3e,4b9151a4f964a520bab233e3,4.200695403
4f3566dde4b0d605a55343aa,4c9e9ab16c4795218a76810c,0.116912219
4e779471d22d80eb34249414,4c9e9ab16c4795218a76810c,0.045404554
5049e167e4b0568d3c3d5d5d,4c9e9ab16c4795218a76810c,0.223111149
4f08a3e6e4b0540ca2543782,4bf4527ecad2c928d8c89b99,0.639242356
4f08a3e6e4b0540ca2543782,51e06a2b498ed38b41183bea,0.808771979
4f08a3e6e4b0540ca2543782,4de02b6645dd3eae8767be63,1.602154005
4f08a3e6e4b0540ca2543782,4be84fce88ed2d7f9bb7cb1d,1.112506906
4f08a3e6e4b0540ca2543782,4bcc8fa2b6c49c7455f09391,0.067779504
511bf7dbe4b00262d9f2572a,4be84fce88ed2d7f9bb7cb1d,0.088547078
4c192a06d4d9c928c28df029,4e74f5b61495be5170e9059d,0.057229804
4c192a06d4d9c928c28df029,4f0c62ade4b0065899e607da,0.08472562
4c192a06d4d9c928c28df029,50c6cf08e4b0480110816f92,0.777965569
4c192a06d4d9c928c28df029,4bb60acd46d4a5932198c5c0,2.38803761
4c192a06d4d9c928c28df029,4e5174a318a8af30fda1a228,0.18859317
54a2adb4498e1c9f0f01199b,543434a0498e92eb4a7edc7e,0.080357483
54a2adb4498e1c9f0f01199b,54b03047498e10f090f0a666,0.146660663
54a2adb4498e1c9f0f01199b,54bd3160498e8cea0236caff,0.039875354
54a2adb4498e1c9f0f01199b,535fb4d4498e4b329111e534,0.39286957
54a2adb4498e1c9f0f01199b,5495d78e498e1fbdde634658,0.346671162
543434a0498e92eb4a7edc7e,54a2adb4498e1c9f0f01199b,0.080357483
543434a0498e92eb4a7edc7e,54b03047498e10f090f0a666,0.069476569
543434a0498e92eb4a7edc7e,536e07f8498ee2f0d56d8f91,0.976493196
543434a0498e92eb4a7edc7e,54afd342498e564e8687f68b,0.086774237
543434a0498e92eb4a7edc7e,535fb4d4498e4b329111e534,0.31259366
4b8b3da7f964a5200c9932e3,4bb77d15cf2fc9b625449e02,4.169570825
4b8b3da7f964a5200c9932e3,4b7707bff964a52018762ee3,7.898310059
4b8b3da7f964a5200c9932e3,4e6e352ed1647053b9ff9315,2.545424697
4b8b3da7f964a5200c9932e3,4ba6f421f964a5209f7939e3,2.296821786
4b8b3da7f964a5200c9932e3,4fae7373e4b08a2bb957d118,1.123899027
4c7c1f55566db60c31c34c0e,4b8000ddf964a520104a30e3,0.030635998
4c7c1f55566db60c31c34c0e,50edd1d8e4b0ac5005413959,0.040653543
4c7c1f55566db60c31c34c0e,4b7fff0bf964a520924930e3,0.023240617
4c7c1f55566db60c31c34c0e,4f2aac55e4b04e33baa7e9ca,0.02234925
4c7c1f55566db60c31c34c0e,4e6e352ed1647053b9ff9315,2.970863559
50fc444ce4b01d6661cfd1ae,51462363e4b0634beae34f19,0.026646434
50fc444ce4b01d6661cfd1ae,520533d411d28fa52eae759b,0.017179653
50fc444ce4b01d6661cfd1ae,50ddf988e4b0a2f2fe7b2a37,0.021779334
50fc444ce4b01d6661cfd1ae,5229a4d38bbd9e033d6ef618,0.050958484
50fc444ce4b01d6661cfd1ae,4bb77d15cf2fc9b625449e02,10.1499097
50edd1d8e4b0ac5005413959,4c7c1f55566db60c31c34c0e,0.040653543
50edd1d8e4b0ac5005413959,4fd0b991e4b0aff891a4fdb5,0.040722212
50edd1d8e4b0ac5005413959,4b8000ddf964a520104a30e3,0.070725175
50edd1d8e4b0ac5005413959,4b7fff0bf964a520924930e3,0.025528029
50edd1d8e4b0ac5005413959,4eff5130b8f787cad09ace8d,0.015808239
4b7fff0bf964a520924930e3,4b8000ddf964a520104a30e3,0.053009932
4b7fff0bf964a520924930e3,4c7c1f55566db60c31c34c0e,0.023240617
4b7fff0bf964a520924930e3,50edd1d8e4b0ac5005413959,0.025528029
4b7fff0bf964a520924930e3,506f16bfe4b0eefb57fca019,0.016451291
4b7fff0bf964a520924930e3,4e6e352ed1647053b9ff9315,2.949216725
50cce48ae4b0af44609d456a,4b8000ddf964a520104a30e3,0.103378682
50cce48ae4b0af44609d456a,4c7c1f55566db60c31c34c0e,0.131389155
50cce48ae4b0af44609d456a,4ea2f07e722ec75ade815508,0.038887234
50cce48ae4b0af44609d456a,50ae0262e4b042e77fd721ab,0.030407576
50cce48ae4b0af44609d456a,4e6e352ed1647053b9ff9315,3.032641381
51081ee0e4b093dcac39e0ec,52efd23b11d2203926fb13d2,0.07252848
4be84fce88ed2d7f9bb7cb1d,511bf7dbe4b00262d9f2572a,0.088547078
4be84fce88ed2d7f9bb7cb1d,4bc223d074a9a59359d2d2f6,0.655582018
4be84fce88ed2d7f9bb7cb1d,4c4be510712ac9284c068a6d,0.061131637
4be84fce88ed2d7f9bb7cb1d,4de02b6645dd3eae8767be63,1.358788906
4be84fce88ed2d7f9bb7cb1d,4f817c97e4b0c7b85619c02f,2.009674775
4f0c62ade4b0065899e607da,4bc6d588f360ef3b943fdc2d,0.994301764
4f0c62ade4b0065899e607da,4e74f5b61495be5170e9059d,0.109034954
4f0c62ade4b0065899e607da,4b7707bff964a52018762ee3,1.98240582
4f0c62ade4b0065899e607da,4e595f62b61c4aaa3dfd1dee,0.328969021
4f0c62ade4b0065899e607da,4c0f9c36c6cf76b099888251,1.124981193
54b03047498e10f090f0a666,543434a0498e92eb4a7edc7e,0.069476569
54b03047498e10f090f0a666,54a2adb4498e1c9f0f01199b,0.146660663
54bd3160498e8cea0236caff,54a2adb4498e1c9f0f01199b,0.039875354
54bd3160498e8cea0236caff,543434a0498e92eb4a7edc7e,0.041891842
54bd3160498e8cea0236caff,54b03047498e10f090f0a666,0.1106655
536e07f8498ee2f0d56d8f91,543434a0498e92eb4a7edc7e,0.976493196
536e07f8498ee2f0d56d8f91,54a2adb4498e1c9f0f01199b,0.905817003
4ba6f421f964a5209f7939e3,513cb9e5e4b095166b7a7240,5.670450292
4ba6f421f964a5209f7939e3,4e6e352ed1647053b9ff9315,4.655566198
4ba6f421f964a5209f7939e3,4b7e983cf964a5206ef42fe3,9.984138885
4fae7373e4b08a2bb957d118,4bb77d15cf2fc9b625449e02,3.045671988
4fae7373e4b08a2bb957d118,4b7707bff964a52018762ee3,6.812457565
4fae7373e4b08a2bb957d118,511808e6e4b0d096b601a12a,9.635185439
4fae7373e4b08a2bb957d118,4b8b3da7f964a5200c9932e3,1.123899027
4f2aac55e4b04e33baa7e9ca,4fd0b991e4b0aff891a4fdb5,0.007453686
4f2aac55e4b04e33baa7e9ca,4c7c1f55566db60c31c34c0e,0.02234925
51462363e4b0634beae34f19,50fc444ce4b01d6661cfd1ae,0.026646434
4fd0b991e4b0aff891a4fdb5,50edd1d8e4b0ac5005413959,0.040722212
4eff5130b8f787cad09ace8d,4c7c1f55566db60c31c34c0e,0.029312648
506f16bfe4b0eefb57fca019,4c7c1f55566db60c31c34c0e,0.020788594
506f16bfe4b0eefb57fca019,50edd1d8e4b0ac5005413959,0.041908459
4ea2f07e722ec75ade815508,4b8000ddf964a520104a30e3,0.142126697
4ea2f07e722ec75ade815508,4c7c1f55566db60c31c34c0e,0.169641989
4ea2f07e722ec75ade815508,50cce48ae4b0af44609d456a,0.038887234
4ea2f07e722ec75ade815508,4e7c9e0a88777c30772abe29,0.059474319
4ea2f07e722ec75ade815508,50edd1d8e4b0ac5005413959,0.209879119
50ae0262e4b042e77fd721ab,4b8000ddf964a520104a30e3,0.072972116
50ae0262e4b042e77fd721ab,4c7c1f55566db60c31c34c0e,0.101235233
50ae0262e4b042e77fd721ab,4e6e352ed1647053b9ff9315,3.021060646
50ae0262e4b042e77fd721ab,4ea2f07e722ec75ade815508,0.069221922
50ae0262e4b042e77fd721ab,4cddb2deaba88cfae2613cd7,7.61900471
4bc223d074a9a59359d2d2f6,50b45217e4b03acff4f2bacd,0.937806398
4bc223d074a9a59359d2d2f6,4cc3237ab2beb1f7d99e144c,7.315809111
4bc223d074a9a59359d2d2f6,4de02b6645dd3eae8767be63,0.982371459
4bc223d074a9a59359d2d2f6,4c0f9c36c6cf76b099888251,2.424557797
4bc223d074a9a59359d2d2f6,4b8e8804f964a520332733e3,1.091807369
4c4be510712ac9284c068a6d,4be84fce88ed2d7f9bb7cb1d,0.061131637
4f817c97e4b0c7b85619c02f,4bc6d588f360ef3b943fdc2d,0.227368661
4f817c97e4b0c7b85619c02f,52e1bae911d2f8cd8845d3b4,0.148521358
4f817c97e4b0c7b85619c02f,4d04b06554d0236a6594f0d5,1.184152599
513cb9e5e4b095166b7a7240,4b7707bff964a52018762ee3,2.486322777
513cb9e5e4b095166b7a7240,4ec7b327be7ba4fc6eaa3161,2.372172773
513cb9e5e4b095166b7a7240,4bc6d588f360ef3b943fdc2d,3.027635854
513cb9e5e4b095166b7a7240,4c4c53dbc668e21ee8525afb,2.051839275
513cb9e5e4b095166b7a7240,4ea674069a524accd190a45d,3.125285033
4e7c9e0a88777c30772abe29,4ea2f07e722ec75ade815508,0.059474319
4e7c9e0a88777c30772abe29,4b8000ddf964a520104a30e3,0.194547144
4e7c9e0a88777c30772abe29,4c7c1f55566db60c31c34c0e,0.223737982
4e7c9e0a88777c30772abe29,4fd0b991e4b0aff891a4fdb5,0.227995479
4cc3237ab2beb1f7d99e144c,4b73f92df964a5202ec22de3,0.64309697
4cc3237ab2beb1f7d99e144c,4c837b6ed34ca14329c73580,0.53402125
4cc3237ab2beb1f7d99e144c,4b8f57b6f964a520025233e3,0.906058648
4cc3237ab2beb1f7d99e144c,4b98e3a5f964a520775435e3,0.96083439
4cc3237ab2beb1f7d99e144c,4bb77d15cf2fc9b625449e02,1.488770743
4ec7b327be7ba4fc6eaa3161,4b7707bff964a52018762ee3,0.210019245
4ec7b327be7ba4fc6eaa3161,4ea674069a524accd190a45d,1.544456407
4ec7b327be7ba4fc6eaa3161,513cb9e5e4b095166b7a7240,2.372172773
4ec7b327be7ba4fc6eaa3161,4c4c53dbc668e21ee8525afb,0.322565975
4ec7b327be7ba4fc6eaa3161,4ed6625661afeefb7cb746ac,0.140407967
4c4c53dbc668e21ee8525afb,4b7707bff964a52018762ee3,0.479444224
4c4c53dbc668e21ee8525afb,4bc6d588f360ef3b943fdc2d,2.069920648
4c4c53dbc668e21ee8525afb,4b8d3a23f964a52088ee32e3,1.454858157
4c4c53dbc668e21ee8525afb,4ec7b327be7ba4fc6eaa3161,0.322565975
4c4c53dbc668e21ee8525afb,4c0f9c36c6cf76b099888251,1.501946092
4ea674069a524accd190a45d,4b7707bff964a52018762ee3,1.344970555
4ea674069a524accd190a45d,4be866169a54a593b7ec0911,5.2436822
4ea674069a524accd190a45d,4ec7b327be7ba4fc6eaa3161,1.544456407
4ea674069a524accd190a45d,4bc6d588f360ef3b943fdc2d,0.719492012
4ea674069a524accd190a45d,4eaac9cecc217eb08e78c735,1.507847225
4b8f57b6f964a520025233e3,4be866169a54a593b7ec0911,2.648671724
4b8f57b6f964a520025233e3,4f510a56e4b0390b959de7ab,0.272562421
4b8f57b6f964a520025233e3,4d3ad2e3fa736ea83ad8198a,2.325228783
4b8f57b6f964a520025233e3,4b7e983cf964a5206ef42fe3,15.06859686
4b8f57b6f964a520025233e3,4c3344e266e40f47ecafc78b,2.105930026
4ed6625661afeefb7cb746ac,4f41391be4b0f7b459efed08,0.04953171
4ed6625661afeefb7cb746ac,4d6174ab73e76a311d0ce196,0.239012124
4ed6625661afeefb7cb746ac,4b7707bff964a52018762ee3,0.302603998
4ed6625661afeefb7cb746ac,4eaac9cecc217eb08e78c735,0.545670313
4ed6625661afeefb7cb746ac,4ed663742c5b3d826ea3dd7d,0.047093752
4b8d3a23f964a52088ee32e3,4c4c53dbc668e21ee8525afb,1.454858157
4b8d3a23f964a52088ee32e3,5076f68fe4b05d12c278f1c2,0.048456986
4b8d3a23f964a52088ee32e3,50a2381ce4b090c28572ad4e,4.611961583
4b8d3a23f964a52088ee32e3,4c892e4897828cfa5630a2aa,0.923795417
4b8d3a23f964a52088ee32e3,4b7707bff964a52018762ee3,1.902672436
4eaac9cecc217eb08e78c735,4b7707bff964a52018762ee3,0.352183735
4eaac9cecc217eb08e78c735,4bc6d588f360ef3b943fdc2d,2.100128955
4eaac9cecc217eb08e78c735,4bb60acd46d4a5932198c5c0,2.213257966
4eaac9cecc217eb08e78c735,4de02b6645dd3eae8767be63,2.91371848
4eaac9cecc217eb08e78c735,4d6fe31c0187236a34ada2ba,0.045251865
4f510a56e4b0390b959de7ab,4d629fbd865a224b9119c485,0.21995529
4f510a56e4b0390b959de7ab,548ae2fb498e928ab65ea574,0.014990601
4f510a56e4b0390b959de7ab,4ead94b0dab4a75e0a2724a8,0.045216235
4f41391be4b0f7b459efed08,4b7707bff964a52018762ee3,0.253446571
4f41391be4b0f7b459efed08,4eaac9cecc217eb08e78c735,0.503433186
4f41391be4b0f7b459efed08,4bc6d588f360ef3b943fdc2d,1.994807646
4f41391be4b0f7b459efed08,4ed6625661afeefb7cb746ac,0.04953171
4f41391be4b0f7b459efed08,4de02b6645dd3eae8767be63,2.850701154
4d6174ab73e76a311d0ce196,4c4c53dbc668e21ee8525afb,0.055523226
4d6174ab73e76a311d0ce196,4b7707bff964a52018762ee3,0.528295685
4d6174ab73e76a311d0ce196,4eaac9cecc217eb08e78c735,0.781675637
4d6174ab73e76a311d0ce196,4ed6625661afeefb7cb746ac,0.239012124
4d6174ab73e76a311d0ce196,4be866169a54a593b7ec0911,3.766250237
5076f68fe4b05d12c278f1c2,4b72bbd3f964a52006862de3,0.073817854
5076f68fe4b05d12c278f1c2,4c4c53dbc668e21ee8525afb,1.494389757
5076f68fe4b05d12c278f1c2,4b7707bff964a52018762ee3,1.939075437
5076f68fe4b05d12c278f1c2,4bb78b8f3db7b7139222209a,1.207267603
5076f68fe4b05d12c278f1c2,4b8d3a23f964a52088ee32e3,0.048456986
4c892e4897828cfa5630a2aa,4b7707bff964a52018762ee3,0.983354754
4c892e4897828cfa5630a2aa,4b8d3a23f964a52088ee32e3,0.923795417
4c892e4897828cfa5630a2aa,4c4c53dbc668e21ee8525afb,0.532378046
4c892e4897828cfa5630a2aa,50b08d04e4b045752b6cda32,0.981272579
4c892e4897828cfa5630a2aa,4bc6d588f360ef3b943fdc2d,2.181404738
4b72bbd3f964a52006862de3,5076f68fe4b05d12c278f1c2,0.073817854
4b72bbd3f964a52006862de3,4b70610df964a52094162de3,0.690349749
4b72bbd3f964a52006862de3,4b8d3a23f964a52088ee32e3,0.112267644
4b72bbd3f964a52006862de3,4f6f2e3be4b0e3b3be8a7752,2.098300451
4bb78b8f3db7b7139222209a,4bf4527ecad2c928d8c89b99,1.721903883
4bb78b8f3db7b7139222209a,4b7707bff964a52018762ee3,2.523590017
4bb78b8f3db7b7139222209a,513cb9e5e4b095166b7a7240,1.05053965
4bb78b8f3db7b7139222209a,5193a1ad498eb76c92f3fb9d,0.832513576
4f6f2e3be4b0e3b3be8a7752,4b6c29c2f964a52011272ce3,2.226204413
5193a1ad498eb76c92f3fb9d,513cb9e5e4b095166b7a7240,1.742523793
5193a1ad498eb76c92f3fb9d,4ed66539f5b93be4f35c875f,4.717269313
5193a1ad498eb76c92f3fb9d,4bf4527ecad2c928d8c89b99,1.396740453
5193a1ad498eb76c92f3fb9d,4b73f92df964a5202ec22de3,4.645545476
